"Subject_Area","Entity_Count","Entity_List"
"Banking","3","CREDIT RISK STRATEGY; RISK ASSESS OVERRIDE TYPE; RISK METRIC TYPE"
"Banking - Agreement","240","ADD ON FACTOR PARAMETER; AFFILIATE PRODUCT AGREEMENT; AGREEMENT CLASS ADJUSTMENT PARAMETER; AGREEMENT CREDIT RISK TYPE METRIC; AGREEMENT GROUP RISK; AGREEMENT GROUP RISK GRADE; AGREEMENT GROUP RISK TYPE METRIC; AGREEMENT HOLDER; AGREEMENT ID TYPE JAPAN; AGREEMENT INVESTOR; AGREEMENT LEASING ASSET; AGREEMENT MARKET RISK FACTOR; AGREEMENT MARKET RISK TYPE; AGREEMENT OBJECTIVE TYPE; AGREEMENT RISK HISTORY; AGREEMENT RISK METRIC INTERNAL INVESTMENT; AGREEMENT RISK METRIC OFF BALANCE SHEET; AGREEMENT RISK METRIC OTC DERIVATIVE; AGREEMENT RISK METRIC PURCHASED RECEIVABLE; AGREEMENT RISK METRIC SECURITIZATION; AGREEMENT SELLER; AGREEMENT TO SECURITIZATION POOL; APPLICATION COLLATERAL ASSET; ASSET CLASS TO OBLIGOR TYPE; BALANCE CATEGORY TYPE; BALANCE CATEGORY USE TYPE; BALANCE RATE TYPE; BALANCE SHEET TYPE; BANK TRADE BOOK TYPE; BASEL DEFAULT STATUS PARAMETER; BASEL EXPOSURE HAIRCUT PARAMETER; BASEL FUNCTION TYPE; BASEL II APPROACH; BASEL II ASSET CLASS; BASEL II LGD NO COLLATERAL PARAMETER; BASEL II MINIMUM LGD PARAMETER; BASEL IRB RISK MITIGANT TYPE; BASEL OPERATIONAL RISK BETA PARAMETER; BASEL PARAMETER; BOFD CHECK IMAGE; CARD STATEMENT; CARD STATEMENT LINE ITEM; CARD STATEMENT METRIC; CASH AT OTHER BANK; CASH FROM CENTRAL BANK; CASH HANDLING; CASH MANAGEMENT; CASH MANAGEMENT SUBTYPE; CCF BAND PARAMETER; CCF EARLY AMORTIZATION PARAMETER; CHECK IMAGE; CHECK IMAGE TYPE; CHECK TRANSACTION TYPE; CLEARING AND SETTLEMENT; COLLATERAL AGREEMENT; COLLATERAL AGREEMENT COVERAGE; COLLATERAL AGREEMENT TYPE; COLLATERALIZED EXPOSURE; COLLATERALIZED EXPOSURE ADJUSTMENT; COLLECTION DEBT INVOICE; COLLECTION ISSUER AGREEMENT; CONSUMER SERVICE AGREEMENT; CONSUMER SERVICE AGREEMENT TYPE; CORPORATE CARD; CREDIT AGREEMENT; CREDIT AGREEMENT SUBTYPE; CREDIT APPLICATION; CREDIT APPLICATION PRECREDIT CHARGE; CREDIT CARD; CREDIT CARD AGREEMENT; CREDIT CARD BALANCE SEGMENT; CREDIT CARD SUBTYPE; CREDIT MATURITY SUMMARY; CREDIT RISK SUMMARY; CURRENT AGREEMENT; CUSTOMER AGREEMENT AS COLLATERAL AGREEMENT; DAY COUNT BASIS TYPE; DEALER AGREEMENT; DEBIT CARD; DEBT RECEIVABLE AGREEMENT TYPE; DEPOSIT AGREEMENT; DEPOSIT AGREEMENT JAPAN; DEPOSIT BOX SIZE TYPE; DEPOSIT SLIP; DEPOSIT TERM AGREEMENT; DEPOSIT TRANSACTION AGREEMENT; DOCUMENT IMAGE SOURCE TYPE; DOCUMENT IMAGE TYPE; DOCUMENT PAYMENT AGREEMENT; EARLY AMORTIZATION TYPE; EXCEPTION RANGE ZONE TYPE; EXPOSURE AGREEMENT ASSET VALUE; EXPOSURE AGREEMENT ASSET VALUE ADJUSTMENT; EXPOSURE AGREEMENT COLLATERAL ITEM; EXPOSURE AGREEMENT RISK MITIGANT AGREEMENT; EXPOSURE RISK FACTOR; EXTERNAL DIRECT DEBIT; EXTERNAL STANDING ORDER; FACILITY AGREEMENT; FAMILY CARD; FINANCE EXPOSURE AGREEMENT; FINANCE EXPOSURE RISK TYPE; FINANCIAL AGREEMENT; FINANCIAL AGREEMENT ADJUSTMENT; FINANCIAL AGREEMENT BASEL II APPROACH; FINANCIAL AGREEMENT JAPAN; FINANCIAL AGREEMENT PASSBOOK; FINANCIAL AGREEMENT SUBTYPE; FINANCIAL AGREEMENT TYPE; FINANCIAL AGREEMENT TYPE JAPAN; FOREIGN EXCHANGE AGREEMENT; FX AGREEMENT TYPE; GUARANTEE CRITERIA TYPE; HEDGING SET; HEDGING SET TYPE; HOME BANK CHECK IMAGE; HOME EQUITY LINE OF CREDIT AGREEMENT; INDIVIDUAL CARD; INSURANCE VERIFICATION STATUS; INSURANCE VERIFY STATUS TYPE; INTEREST BASED AGREEMENT; INTEREST DISBURSEMENT TYPE; INTEREST PAYMENT METHOD TYPE JAPAN; INTEREST RATE BANKING BOOK SUMMARY; INTEREST RATE CAPITAL PARAMETER; INTERNAL DIRECT DEBIT; INTERNAL STANDING ORDER; LEASE AGREEMENT; LEASE TYPE; LETTER OF CREDIT AGREEMENT; LOAN AGREEMENT; LOAN PROVISION BALANCE; LOAN PROVISION CHANGE; LOAN REVIEW; LOAN REVIEW RESULT TYPE; LOAN REVIEW TYPE; LOAN TERM AGREEMENT; LOAN TERM SUBTYPE; LOAN TRANSACTION AGREEMENT; LOAN TRANSACTION SUBTYPE; LOSS GIVEN DEFAULT RISK GRADE VALUE; MARKET RISK TYPE; MERCHANT SERVICE AGREEMENT; MORTGAGE AGREEMENT; MORTGAGE TYPE; NETTING AGREEMENT; NETTING AGREEMENT TYPE; NETTING POOL; NETWORK PARTNER AGREEMENT; NETWORK SERVICE AGREEMENT SUBTYPE; NONRETAIL RISK ASSESSMENT SUMMARY; OBLIGOR BORROWING PURPOSE TYPE; OFF BALANCE SHEET SECURITIZATION TYPE; OTHER FINANCIAL SERVICE; OTHER FINANCIAL SERVICES SUBTYPE; OVERDRAFT EXCESS; PARTY ASSET AS COLLATERAL AGREEMENT; PASSBOOK; PASSBOOK RELATED; PASSBOOK RELATED ROLE TYPE; PASSBOOK STATUS; PASSBOOK STATUS TYPE; PASSBOOK TYPE; POOL CONTENT TYPE; POOL GRANULARITY TYPE; PRECREDIT TYPE; PRICING METHOD SUBTYPE; PROVISION TYPE; PURCHASE AGREEMENT BUSINESS TYPE; PURCHASE CARD; PURCHASE CARD BUSINESS; PURCHASE CARD BUSINESS LIMIT; PURCHASE TRANSACTION AGREEMENT; PURCHASE TYPE; PURCHASED RECEIVABLE INVOICE; PURCHASED RECEIVABLE INVOICE TYPE; PURCHASED RECEIVABLE ISSUER AGREEMENT; PURCHASED RECEIVABLE ISSUER DEBTOR AGREEMENT; PURCHASED RECEIVABLE POOL; PURCHASED RECEIVABLE POOL CONTENT; PURCHASED RECEIVABLE POOL RISK; PURCHASED RECEIVABLE POOL TYPE; QUOTATION COLLATERAL ASSET; REPAYMENT METHOD TYPE; RETAIL POOL; RETAIL RISK ASSESSMENT SUMMARY; RISK ADJUSTMENT METRIC TYPE; RISK ADJUSTMENT REASON TYPE; RISK ASSESSMENT RELATED TYPE; RISK CALCULATION SCENARIO; RISK CALCULATION SCENARIO BASEL APPROACH; RISK EXPOSURE MITIGANT SUBTYPE; RISK MITIGANT AGREEMENT; RISK MITIGANT AGREEMENT ITEM; RISK MITIGANT AGREEMENT RELATED; RISK MITIGANT AGREEMENT SENIORITY; RISK MITIGANT AGREEMENT SUBTYPE; RISK MITIGATION SUMMARY; RISK POSITION; SAFE DEPOSIT AGREEMENT; SCENARIO PURPOSE TYPE; SCENARIO TRIAL TYPE; SECONDARY MARKET STATUS TYPE; SECURITIZATION AGREEMENT TO SECURITIZATION POOL; SECURITIZATION CLEAN UP CALL TYPE; SECURITIZATION EXPOSURE; SECURITIZATION POOL; SECURITIZATION POOL OBLIGOR METRIC; SECURITIZATION POOL RISK; SECURITIZATION POOL STRUCTURE TYPE; SECURITIZATION ROLE; SECURITIZATION SELL AGREEMENT; SECURITIZATION TYPE; SENIORITY LEVEL PARAMETER; SMALL BUSINESS CARD; STORED VALUE AGREEMENT; STUDENT CARD; TERMINATION TYPE JAPAN; THIRD PARTY COLLATERAL CLAIM; THIRD PARTY GUARANTEE AGREEMENT; THIRD PARTY GUARANTEE TYPE; TIME BAND; TIME BAND CALCULATION; TIME BAND METRIC TYPE; TIME BAND PARAMETER; TIME BAND PARAMETER TYPE; TIME BAND RELATED; TIME BAND ROLE TYPE; TIME BAND SCHEME; TIME BAND SCHEME PURPOSE TYPE; TIME BAND TYPE; TRANCHE; TRANCHE RISK METRIC; TRANCHE TO AGREEMENT; TRANCHE TO AGREEMENT ROLE TYPE; TRANCHE TYPE; TRANSITIONAL ARRANGEMENT PARAMETER; TRUST ESTATE; VALUE AT RISK MULTIPLIER PARAMETER; WATERFALL PAYMENT TYPE"
"Banking - Campaign","1","CARD NETWORK CAMPAIGN"
"Banking - Channel","2","LOCK BOX CHANNEL INSTANCE; POINT OF SALE CHANNEL INSTANCE"
"Banking - Event","5","BANK EVENT; BOFD CHECK EVENT; CHECK EVENT; DEPOSIT SLIP TRANSACTION TYPE; HOME BANK CHECK EVENT"
"Banking - Finance","7","ALLOWANCE FOR LOAN LOSS ACCOUNT; DEPOSIT GL ACCOUNT; INTEREST RECEIVABLE; LOAN GL ACCOUNT; NONINTEREST EXPENSE ACCOUNT; NONINTEREST INCOME ACCOUNT; PROVISION FOR LOAN LOSS ACCOUNT"
"Banking - Internal Organization","6","BUSINESS LINE LOSS SCORE; BUSINESS LINE LOSS TYPE MEASURE; BUSINESS UNIT OPERATIONAL RISK ADVANCED; BUSINESS UNIT OPERATIONAL RISK STANDARDIZED; OPERATIONAL LOSS TYPE; OPERATIONAL RISK MEASURE"
"Banking - Party","14","BANK ACTUAL RISK LOSS; BANK CAPITAL SUMMARY; BANK LOSS TYPE; BASEL ELIGIBLE GUARANTEE PARAMETER; BASEL MARKET PARTICIPANT TYPE; BASEL ORGANIZATION TYPE; BUSINESS LINE RISK MEASURE; BUSINESS TYPE RISK FACTOR; CAPITAL REQUIREMENTS SUMMARY; FINANCIAL RISK FACTOR; MARKET PARTICIPANT PARAMETER; ORGANIZATION BASEL APPROACH; PROBABILITY DEFAULT FLOOR TYPE; PROTECTION PARTY TYPE"
"Banking - Party Asset","21","AGREEMENT COLLATERAL ITEM; ASSET COLLATERAL ITEM; ASSET COLLATERAL ROLE TYPE; BASEL COLLATERAL HAIRCUT PARAMETER; BASEL ELIGIBLE COLLATERAL PARAMETER; COLLATERAL ITEM; COLLATERAL ITEM ADJUSTMENT; COLLATERAL ITEM CLASS XREF; COLLATERAL ITEM GROUP; COLLATERAL ITEM GROUPED; COLLATERAL ITEM RISK METRIC; COLLATERAL ITEM STATUS; COLLATERAL ITEM STATUS TYPE; COLLATERAL ITEM TYPE; COLLATERAL ITEM VALUE; ELIGIBLE RISK MITIGANT TYPE; INSPECTION RESULT TYPE; PARTY ASSET INTERNAL ID TYPE; PARTY ASSET LESSEE; PARTY ASSET PRICE SENSITIVITY; PARTY ASSET SENSITIVITY TYPE"
"Banking - Product","11","BANKING LINE OF BUSINESS TYPE; BANKING PRODUCT; BANKING PRODUCT TYPE; BASEL EQUITY RISK WEIGHT PARAMETER; BASEL RETAIL DEFAULT PARAMETER; CARD ASSOCIATION TYPE; INTEREST INDEX RISK FACTOR; PAYMENT CARD PRODUCT; PRODUCT MINIMUM HOLDING PERIOD PARAMETER; RISK FACTOR INSTRUMENT; SPECIAL LENDING SLOTTING PARAMETER"
"Foundation","174","ACCOUNTING CALENDAR TYPE; AGREEMENT CLASS SUBJECT; AGREEMENT GROUP SUBJECT; AGREEMENT SUBJECT; AGREEMENT SURVEY RESPONSE; AGREEMENT TEXT SECTION; ANALYTICAL MODEL; ANALYTICAL MODEL GROUP; ANALYTICAL MODEL RISK FACTOR; ANALYTICAL MODEL RISK FACTOR ROLE; ANALYTICAL MODEL RUN REVIEW; ANALYTICAL MODEL STATUS; ANALYTICAL MODEL TO GROUP; ANALYTICAL MODEL TO RISK GRADE; ANALYTICAL MODEL VALUE; ASSET CLASSIFICATION SUBJECT; ASSUMPTION SET; BUSINESS DAY CONVENTION TYPE; CALENDAR TYPE; CHANNEL TYPE SURVEY RESPONSE; CLAIM COVERAGE TEXT SECTION; CLAIM SERVICE TEXT SECTION; CLAIM TEXT SECTION; COST TYPE; CREDIT INQUIRY REASON TYPE; CREDIT RATING TYPE; CURRENCY; CURRENCY DENOMINATION TYPE; CURRENCY TRANSLATION RATE; CURRENCY TRANSLATION RATE TYPE; CURRENCY USE TYPE; CUSTOM CALENDAR DAY; CUSTOM CALENDAR MONTH; CUSTOM CALENDAR MONTH WEEK; CUSTOM CALENDAR QUARTER; CUSTOM CALENDAR WEEK; CUSTOM CALENDAR YEAR; DATA QUALITY TYPE; DATA SOURCE TYPE; DAY OF WEEK; DAYPART; DAYPART HOURS; DEMOGRAPHIC; DEMOGRAPHIC GROUP; DEMOGRAPHIC VALUE; DOCUMENT; DOCUMENT CATEGORY TYPE; DOCUMENT CYCLE TYPE; DOCUMENT RELATED; DOCUMENT RELATED TYPE; DOCUMENT TEXT SECTION; EVENT PARTY TEXT SECTION; EVENT SURVEY RESPONSE; EVENT TEXT SECTION; EXTERNAL WATCH LIST SOURCE; FEATURE SUBJECT; FINANCIAL RULE PURPOSE TYPE; FINANCIAL RULE RELATED TYPE; FINANCIAL RULE STRATEGY; GEOGRAPHIC AREA SUBJECT; GREGORIAN DATE; GREGORIAN MONTH; GREGORIAN MONTH WEEK; GREGORIAN QUARTER; GREGORIAN WEEK; GREGORIAN YEAR; GROUP SURVEY; HOLIDAY; HOLIDAY CALENDAR; HOLIDAY CALENDAR DATE; INFORMATION CATEGORY; INFORMATION TYPE; ISO CURRENCY TYPE; LEGAL ACTION; LEGAL ACTION DOCUMENT; LEGAL ACTION EVENT; LEGAL ACTION FINANCIAL; LEGAL ACTION OUTCOME; LEGAL ACTION RECOVERY; LEGAL ACTION RELATED; LEGAL ACTION STATUS; LEGAL DOCUMENT; LIMIT CHANGE REASON TYPE; MARKET RISK STRATEGY; MATCH LIST MEMBER; METRIC DOMAIN TYPE; METRIC PURPOSE TYPE; MM OBJECT TEXT SECTION; MODEL ALGORITHM TYPE; MODEL CALCULATION CRITERIA; MODEL PURPOSE TYPE; MODEL RELATIONSHIP; MODEL RELATIONSHIP ROLE TYPE; MODEL REVIEW FINDING TYPE; MODEL RUN; MODEL STATUS; MODEL TYPE; OPPORTUNITY TEXT SECTION; OTHER DOCUMENT; PARTY CLASSIFICATION SUBJECT; PARTY CREDIT INQUIRY; PARTY GROUP SUBJECT; PARTY HOLIDAY CALENDAR; PARTY SUBJECT; PARTY SURVEY RESPONSE; PARTY TEXT SECTION; PERIL TYPE SUBJECT; POSSIBLE ANSWER; PRIVACY DATA TRANSFER; PRIVACY DATA USAGE; PRIVACY POLICY SCOPE; PRIVACY PRESET; PROBABILITY OF DEFAULT MODEL; PRODUCT GROUP SUBJECT; PROFIT TYPE; QUESTION; QUESTION CATEGORY; QUESTION FORMAT TYPE; QUESTION POSSIBLE ANSWER; QUESTIONNAIRE; QUESTIONNAIRE CATEGORY; QUESTIONNAIRE QUESTION; RECOGNIZED HOLIDAY; REVENUE TYPE; RISK GRADE RELATION TYPE; RISK GRADE SCHEME; RISK GRADE VALUE; RISK GRADE VALUE RELATED; RISK RATING METHOD; RISK RATING PURPOSE TYPE; SEASON; SECTION CONTAINS SECTION; SECTION CONTAINS SECTION TYPE; SUBJECT; SUBJECT TYPE; SURVEY COST; SURVEY EVENT; SURVEY EVENT REASON TYPE; SURVEY QUESTION RESPONSE; SURVEY RESOLUTION; SURVEY RESOLUTION TYPE; SURVEY RESPONSE; SURVEY RESPONSE ANSWER; SURVEY RESPONSE TEXT; SURVEY RESPONSE TEXT SECTION; SURVEY SUBJECT SUBTYPE; SUSPICIOUS ACTIVITY REPORT; TEXT DATASET; TEXT PARAGRAPH; TEXT PATTERN METHOD TYPE; TEXT PHRASE; TEXT SECTION; TEXT SECTION RELATED; TEXT SECTION RELATED REASON SUBTYPE; TEXT SENTENCE; TEXT SUBTYPE; TEXT TAG; TEXT TERM; TEXT TYPE; TIME PERIOD TYPE; TIME ZONE AREA; TRAIT; TRAIT SUBTYPE; TRAIT TYPE; TRAIT VALUE; UNIT OF MEASURE; UNIT OF MEASURE CONVERSION; UNIT OF MEASURE TYPE; WATCH LIST; WATCH LIST MEMBER; WATCH LIST RISK TYPE; WATCH LIST SOURCE; WEB AD PLACEMENT TEXT SECTION; WEB PAGE TEXT SECTION"
"Foundation - Agreement","252","ACCESS DEVICE; ACCESS DEVICE FEATURE; ACCESS DEVICE LIMIT; ACCESS DEVICE METHOD TYPE; ACCESS DEVICE PIN; ACCESS DEVICE PIN REASON TYPE; ACCESS DEVICE REASON TYPE; ACCESS DEVICE RELATED; ACCESS DEVICE RELATED TYPE; ACCESS DEVICE STATUS; ACCESS DEVICE STATUS TYPE; ACCESS DEVICE SUBTYPE; ACCESS DEVICE VERIFY TYPE; ACCESS MEDIUM TYPE; ACCOUNT; ACCOUNT INVOLVEMENT SUBTYPE; ACCOUNT METRIC; ACCOUNT METRIC TYPE; ACCOUNT PURPOSE SUBTYPE; ACCOUNT RENEWAL; ACCOUNT TYPE; ACCOUNTING CURRENCY; ACCOUNTING TYPE; AGREEMENT; AGREEMENT ABUSE; AGREEMENT ACCESS DEVICE; AGREEMENT ACCESS DEVICE FEATURE; AGREEMENT ACCESS DEVICE TYPE; AGREEMENT AGREEMENT CLASS XREF; AGREEMENT AGREEMENT GROUP; AGREEMENT AGREEMENT GROUP SUBTYPE; AGREEMENT APPLICATION; AGREEMENT APPLICATION ROLE; AGREEMENT ASSET; AGREEMENT BALANCE TYPE METRIC; AGREEMENT CHANNEL; AGREEMENT CHANNEL ROLE TYPE; AGREEMENT CHANNEL TYPE; AGREEMENT CHART OF ACCOUNTS; AGREEMENT CLASS RISK GRADE; AGREEMENT CLASS SCHEME TYPE; AGREEMENT CLASS VALUE; AGREEMENT COLLECTION STATUS; AGREEMENT COST; AGREEMENT CREDIT REPORT; AGREEMENT CURRENCY; AGREEMENT DIRECT EXPENSE; AGREEMENT DOCUMENT; AGREEMENT EVENT; AGREEMENT EVENT TYPE; AGREEMENT FEATURE; AGREEMENT FEATURE GROUP; AGREEMENT FEATURE GROUP ROLE; AGREEMENT FEATURE METRIC; AGREEMENT FEATURE METRIC TYPE; AGREEMENT FEATURE RELATED; AGREEMENT FEATURE ROLE TYPE; AGREEMENT FUNDING SOURCE; AGREEMENT GROUP; AGREEMENT GROUP BALANCE; AGREEMENT GROUP CHART OF ACCOUNTS; AGREEMENT GROUP CRITERION; AGREEMENT GROUP FEATURE; AGREEMENT GROUP FEATURE ROLE; AGREEMENT GROUP LIMIT; AGREEMENT GROUP METRIC; AGREEMENT GROUP METRIC TYPE; AGREEMENT GROUP REASON TYPE; AGREEMENT GROUP RELATED; AGREEMENT GROUP RELATED METRIC; AGREEMENT GROUP RELATED ROLE; AGREEMENT GROUP SCORE; AGREEMENT GROUP TEXT; AGREEMENT GROUP TYPE; AGREEMENT GROUP TYPE XREF; AGREEMENT IDENTIFICATION; AGREEMENT IDENTIFICATION CATEGORY; AGREEMENT IDENTIFICATION TYPE; AGREEMENT INDIRECT EXPENSE; AGREEMENT INSURED ASSET COST; AGREEMENT LEGAL ACTION; AGREEMENT LIMIT; AGREEMENT LOCATOR; AGREEMENT LOCATOR ROLE; AGREEMENT METRIC; AGREEMENT METRIC PROJECTION; AGREEMENT METRIC TYPE; AGREEMENT OBTAINED TYPE; AGREEMENT PARTY FEATURE; AGREEMENT PARTY FEATURE RELATED; AGREEMENT PARTY TEXT; AGREEMENT PAYMENT OPTION; AGREEMENT PRIVACY PREFERENCE; AGREEMENT PRODUCT; AGREEMENT PRODUCT FEATURE; AGREEMENT PRODUCT FEATURE RELATED; AGREEMENT PRODUCT ROLE TYPE; AGREEMENT PROFIT; AGREEMENT PROFIT COMPONENT; AGREEMENT PROMOTION OFFER ROLE TYPE; AGREEMENT PROVISION; AGREEMENT QUOTATION ROLE; AGREEMENT RATE; AGREEMENT RELATED; AGREEMENT RELATED REASON; AGREEMENT REMEDIATION PLAN; AGREEMENT REMEDIATION STATUS; AGREEMENT RENEWAL; AGREEMENT REVENUE; AGREEMENT RISK GRADE; AGREEMENT RISK GRADE RELATED; AGREEMENT SCORE; AGREEMENT SCORE RELATED; AGREEMENT STATEMENT; AGREEMENT STATEMENT LINE AMOUNT TYPE; AGREEMENT STATEMENT LINE ITEM; AGREEMENT STATEMENT LINE ITEM SUBTYPE; AGREEMENT STATEMENT LINE METRIC; AGREEMENT STATEMENT METRIC; AGREEMENT STATUS; AGREEMENT STATUS REASON TYPE; AGREEMENT STATUS TYPE; AGREEMENT SUBTYPE; AGREEMENT SUMMARY; AGREEMENT TAX RULE; AGREEMENT TEXT; AGREEMENT TO AGREEMENT GROUP OTHER; AGREEMENT TYPE; APPLICATION; APPLICATION ACTIVITY; APPLICATION ACTIVITY TYPE; APPLICATION ASSET; APPLICATION CHECKLIST; APPLICATION CHECKLIST ITEM TYPE; APPLICATION CHECKLIST STATUS TYPE; APPLICATION CREDIT REPORT; APPLICATION DOCUMENT; APPLICATION EVENT; APPLICATION FEATURE; APPLICATION FEATURE RELATED; APPLICATION FORM; APPLICATION FORM QUESTION; APPLICATION FORM QUESTION TYPE; APPLICATION LOCATOR; APPLICATION METRIC; APPLICATION METRIC TYPE; APPLICATION PRODUCT; APPLICATION QUESTION RESPONSE; APPLICATION QUESTION TYPE; APPLICATION RELATED; APPLICATION RELATIONSHIP TYPE; APPLICATION SCORE; APPLICATION STATUS; APPLICATION STATUS REASON TYPE; APPLICATION STATUS TYPE; APPLICATION TEXT; APPLICATION TYPE; APPORTIONMENT VERSION TYPE; ASSET LIABILITY TYPE; BUY SELL TYPE; CARD SUBTYPE; CASH FLOW AMOUNT TYPE; COLLECTION COST; COLLECTION PAYMENT AGREEMENT; CREDIT CONVERSION FACTOR PARAMETER; CREDIT REPORT ROLE TYPE; CREDIT STATUS TYPE; DEFAULT OCCURRENCE; DEFAULT OUTCOME TYPE; DEFAULT REASON TYPE; DEFAULT RECOVERY; DEFAULT RECOVERY ITEM; DEFAULT RECOVERY ITEM STATUS; DRAFT TYPE; ENVELOPE MESSAGE TYPE; EXTERNAL ACCOUNT; EXTERNAL AGREEMENT; EXTERNAL AGREEMENT TYPE; FORMALITY TYPE; FUND SOURCE TYPE; FUNDING AMOUNT TYPE; IBAN AGREEMENT IDENTIFIER; INTEREST CALCULATION TYPE; INTERNAL ACCOUNT; INTERNAL CREDIT REPORT; LABOR AGREEMENT; LEGAL ACTION METRIC TYPE; LEGAL ACTION OUTCOME TYPE; LEGAL ACTION RELATED TYPE; LEGAL ACTION STATUS TYPE; LEGAL ACTION TYPE; LIMIT TYPE; LOYALTY ACCOUNT; LOYALTY CONVERSION; LOYALTY LEVEL; LOYALTY PROGRAM; LOYALTY PROGRAM PARTY; MOBILE PHONE; NETWORK SERVICE AGREEMENT; OTHER AGREEMENT IDENTIFIER; OTHER STATEMENT LINE ITEM; PARTY ACCESS DEVICE; PARTY ACCESS DEVICE ROLE TYPE; PARTY ACCOUNT; PARTY ACCOUNT ROLE; PARTY AGREEMENT; PARTY AGREEMENT BALANCE SUMMARY; PARTY AGREEMENT GROUP; PARTY AGREEMENT GROUP ROLE TYPE; PARTY AGREEMENT LOCATOR; PARTY AGREEMENT METRIC; PARTY AGREEMENT ROLE; PAST DUE AMOUNT TYPE; PAYMENT OPTION TYPE; PAYMENT TIMING TYPE; PROFITABILITY COMPONENT; QUOTATION; QUOTATION AGREEMENT; QUOTATION ASSET; QUOTATION CLOSE REASON TYPE; QUOTATION FEATURE; QUOTATION FEATURE RELATED; QUOTATION LOCATOR; QUOTATION ORIGIN TYPE; QUOTATION PRODUCT; QUOTATION RELATED; QUOTATION RELATIONSHIP TYPE; QUOTATION STATUS; QUOTATION STATUS REASON; QUOTATION STATUS REASON TYPE; QUOTATION STATUS TYPE; QUOTATION SUBTYPE; RECOVERY STATUS CHANGE REASON; RECOVERY STATUS TYPE; REMEDIATION PLAN STATUS TYPE; REMEDIATION PLAN TYPE; RISK TYPE; SECURITY TYPE; SENIORITY LEVEL TYPE; SPECIALIZED LENDING TYPE; SPOT TYPE; STATEMENT; STATEMENT MAIL TYPE; STATEMENT METRIC; STATEMENT METRIC TYPE; STATEMENT TYPE; TAX TYPE; TECHNOLOGY TYPE; TERM TYPE; THIRD PARTY FINANCIAL STATEMENT; UNIT COST TYPE; UNITED STATES BANK ACCOUNT IDENTIFIER"
"Foundation - Campaign","266","AD CONTACT XREF; AD DELIVERY TYPE; AD GROUP CAMPAIGN XREF; AD IMPRESSION SUMMARY; AD OBJECT; AD OFFER; AD ORDER; AD ORDER BROADCAST MEDIUM; AD ORDER COMMISSION; AD ORDER DELIVERY SUBTYPE; AD ORDER DISPLAY TIME; AD ORDER EXPENSE FORECAST; AD ORDER INTERACTIVE DEVICE MEDIUM; AD ORDER MAKE GOOD; AD ORDER MAKE GOOD PLACEMENT; AD ORDER MAKE GOOD REASON TYPE; AD ORDER MAKE GOOD REFUND; AD ORDER MAKE GOOD SUBTYPE; AD ORDER ONLINE; AD ORDER ONLINE SUBTYPE; AD ORDER OUTDOOR MEDIUM; AD ORDER PARTY; AD ORDER PARTY ROLE; AD ORDER PRINT MEDIUM; AD ORDER STATUS; AD ORDER STATUS TYPE; AD ORDER TRADITIONAL; AD ORDER TRADITIONAL SUBTYPE; AD ORDER TYPE; AD ORDER WEB MEDIUM; AD PLACEMENT; AD PLACEMENT BROADCAST MEDIUM; AD PLACEMENT DISPLAY TIME; AD PLACEMENT OUTDOOR MEDIUM; AD PLACEMENT PRINT MEDIUM; AD PLACEMENT SUBTYPE; AD SPACE ITEM; AD STATUS; AD STATUS TYPE; AD SUBCATEGORY; AD SUBTYPE; AD VIEWER PLACEMENT DEMOGRAPHIC; ADVERTISEMENT USAGE INFORMATION; AGREEMENT PROMOTION OFFER; CAMPAIGN; CAMPAIGN AGREEMENT; CAMPAIGN AGREEMENT ROLE TYPE; CAMPAIGN CELL; CAMPAIGN CELL AD; CAMPAIGN CELL CLASSIFICATION; CAMPAIGN CELL COST; CAMPAIGN CELL MANAGEMENT; CAMPAIGN CELL PARTY; CAMPAIGN CELL RESPONSE; CAMPAIGN CELL WEB SITE SECTION; CAMPAIGN CHANNEL TYPE MULTIMEDIA OBJECT; CAMPAIGN CHANNEL TYPE XREF; CAMPAIGN COLLATERAL; CAMPAIGN CONDITION; CAMPAIGN COST; CAMPAIGN COST CATEGORY; CAMPAIGN COST TYPE; CAMPAIGN LEVEL TYPE; CAMPAIGN LOCATOR; CAMPAIGN LOCATOR RELATIONSHIP TYPE; CAMPAIGN LOYALTY PROGRAM; CAMPAIGN MANAGEMENT; CAMPAIGN PARTY; CAMPAIGN PARTY ROLE; CAMPAIGN PRODUCT; CAMPAIGN PRODUCT ROLE; CAMPAIGN RESPONSE TYPE; CAMPAIGN SEGMENT; CAMPAIGN STATUS; CAMPAIGN STATUS TYPE; CAMPAIGN STEP RESPONSE; CAMPAIGN STRATEGY TYPE; CAMPAIGN TYPE; CELL TARGET ACCESS DEVICE; CELL TARGET AGREEMENT; CELL TARGET CHANNEL INSTANCE; CELL TARGET CONTACT LIST; CELL TARGET MARKET; COLLECTION CAMPAIGN; COMMUNICATION COLLATERAL; COMMUNICATION COLLATERAL TYPE; COMPETE LEVEL TYPE; CONSUMER MARKETING CAMPAIGN; CONTACT EVENT OFFER; CONTACT LIST; CONTACT LIST AVAILABILITY TYPE; CONTACT LIST MANAGEMENT; CONTACT LIST SOURCE TYPE; CONTACT LIST UPDATE; CONVERSION CATEGORY; DEAL COMPLETE DAY TYPE; DECISION LEVEL TYPE; DIRECT MAIL AD; EMAIL AD; EMAIL CLIENT APPLICATION; EMAIL REFERRAL; FEATURE OFFER; IMPRESSION ACTIVITY TYPE; IMPRESSION DELIVERY STATUS; IMPRESSION DELIVERY STATUS TYPE; IMPRESSION SELECTED; INCENTIVE; INCENTIVE TYPE; LIST UPDATE REASON; MARKET PLAN; MARKET SEGMENT; MARKET SEGMENT DEMOGRAPHIC; MARKET SEGMENT GROUP; MASS PROMOTION; MONITORING SYSTEM PANEL CODE; MULTIMEDIA AUDIO OBJECT; MULTIMEDIA COMPONENT; MULTIMEDIA GROUP; MULTIMEDIA GROUP OBJECT XREF; MULTIMEDIA IMAGE OBJECT; MULTIMEDIA OBJECT; MULTIMEDIA SOURCE; MULTIMEDIA SUBTYPE; MULTIMEDIA TEXT OBJECT; MULTIMEDIA VIDEO OBJECT; NAVIGATION LEVEL; NEXT ACTIVITY; NEXT COMMUNICATION; NEXT OFFER; NEXT OFFER FEATURE; OFFER; OFFER COLLATERAL; OFFER TYPE; ONLINE IMPRESSION EXPERIENCED; ONLINE PROMOTION; ONLINE PROMOTION TYPE; OPPORTUNITY; OPPORTUNITY AGREEMENT; OPPORTUNITY ASSET; OPPORTUNITY ASSET ROLE TYPE; OPPORTUNITY COMPETITOR; OPPORTUNITY COMPETITOR FINANCE; OPPORTUNITY COMPETITOR TEXT; OPPORTUNITY DOCUMENT; OPPORTUNITY DOCUMENT ROLE TYPE; OPPORTUNITY EVENT; OPPORTUNITY FEATURE; OPPORTUNITY FINANCE; OPPORTUNITY FINANCE TYPE; OPPORTUNITY ISSUE; OPPORTUNITY ISSUE RESOLVE TYPE; OPPORTUNITY ISSUE TYPE; OPPORTUNITY LEAD TYPE; OPPORTUNITY PARTY; OPPORTUNITY PRODUCT; OPPORTUNITY PRODUCT FEATURE; OPPORTUNITY PROMOTION; OPPORTUNITY PROPOSAL; OPPORTUNITY QUOTATION; OPPORTUNITY REVENUE SIZE TYPE; OPPORTUNITY REVENUE TYPE; OPPORTUNITY RISK GRADE; OPPORTUNITY SALES STAGE; OPPORTUNITY SALES STAGE STATUS; OPPORTUNITY SEGMENT; OPPORTUNITY STATUS; OPPORTUNITY STATUS REASON; OPPORTUNITY STATUS TYPE; OPPORTUNITY STRATEGIC VALUE TYPE; OPPORTUNITY TEXT; OPPORTUNITY TEXT TYPE; OPPORTUNITY TYPE; OPPORTUNITY VISIBLE TYPE; PACKAGE CHANNEL LINEUP; PAGE POSITION TYPE; PAGE TYPE; PARTY OPPORTUNITY ROLE TYPE; PARTY SEGMENT; PAYMENT ACTION TYPE; PRINT AD; PRINT AD PLACEMENT; PRODUCT OFFER; PROGRAMMING CHANNEL GROUP TYPE; PROGRAMMING PACKAGE; PROMOTION; PROMOTION CELL; PROMOTION CELL PARTY; PROMOTION CHANNEL; PROMOTION CHANNEL MM OBJECT; PROMOTION COLLATERAL; PROMOTION EXPENSE TYPE; PROMOTION EXPENSE XREF; PROMOTION METRIC; PROMOTION METRIC TYPE; PROMOTION OFFER; PROMOTION OFFER SEGMENT; PROMOTION OFFER TYPE; PROMOTION PARTY; PROMOTION PARTY STEP; PROMOTION PARTY STEP RESPONSE; PROMOTION PARTY STEP STATUS; PROMOTION PRODUCT OFFER; PROMOTION PRODUCT OFFER FEATURE; PROMOTION PROSPECT; PROMOTION RESPONSE SCORE; PROMOTION SCRIPTED MESSAGE XREF; PROMOTION SEGMENT; PROMOTION STATUS; PROMOTION STATUS TYPE; PROMOTION STEP; PROMOTION STEP RESPONSE; PROMOTION STEP TYPE; PROMOTION TYPE; PROPOSAL; PROPOSAL AGREEMENT; PROPOSAL FEATURE; PROPOSAL FINANCE; PROPOSAL FINANCE TYPE; PROPOSAL PARTY; PROPOSAL PARTY ROLE TYPE; PROPOSAL PRODUCT; PROPOSAL PRODUCT FEATURE; PROPOSAL STATUS; PROPOSAL STATUS REASON TYPE; PROPOSAL STATUS TYPE; QUERY STRING FIELD NAME; QUERY STRING FIELD VALUE; QUERY STRING NAME VALUE; RADIO AD PLACEMENT; REFERRAL; REFERRAL DIRECTORY; REFERRAL SUBTYPE; REFERRAL WEB AD; REFERRAL WEB SITE FEATURE SUBTYPE; RESPONSE STATUS TYPE; RESPONSE TYPE; SALES METHOD TYPE; SALES STAGE; SALES STAGE PHASE TYPE; SALES STAGE STATUS TYPE; SEGMENT CRITERION; SELECTION CRITERION TYPE; SELECTION SET CRITERION; SELECTION SET FORMULA TYPE; SOURCE SYSTEM PANEL CODE; TARGET CELL TYPE; TARGET PROMOTION; TARGET PROMOTION AGREEMENT; TARGET PROMOTION AGREEMENT GROUP; TRADITIONAL AD PLACEMENT; TRADITIONAL AD PLACEMENT SUBTYPE; TV AD; TV AD PLACEMENT; TV SIGNAL RECEIVER USAGE INFORMATION; TV SYSTEM TYPE; WEB AD; WEB AD PLACEMENT; WEB AD PLACEMENT CONTRACT; WEB AD PLACEMENT SUMMARY; WEB AD PLACEMENT TEXT; WEB AD TYPE; WEB BANNER AD; WEB PAGE GENERATION TYPE; WEB PAGE MM OBJECT; WEB SECTION SUBTYPE; WEB TEXT AD"
"Foundation - Channel","122","AD NETWORK; AD NETWORK WEB SITE; ATM CHANNEL INSTANCE; ATM CHANNEL TYPE; BILLBOARD CHANNEL INSTANCE; BROWSER APPLICATION TYPE; BROWSER GEOGRAPHIC ADDRESS INFORMATION; BROWSER IDENTIFICATION; BROWSER VERSION; CALL CENTER CHANNEL TYPE; CALL CENTER TERMINAL CHANNEL INSTANCE; CALL CENTER TYPE; CAPACITY TYPE; CHANNEL CAPACITY; CHANNEL CHANNEL CLASS XREF; CHANNEL CLASS SCHEME TYPE; CHANNEL CLASS VALUE; CHANNEL COST; CHANNEL DEMOGRAPHIC; CHANNEL EVENT; CHANNEL EVENT REASON TYPE; CHANNEL FEATURE; CHANNEL INSTANCE; CHANNEL INSTANCE LOCATOR; CHANNEL INSTANCE LOCATOR REASON; CHANNEL INSTANCE RELATED; CHANNEL INSTANCE RELATED REASON; CHANNEL INSTANCE SITE XREF; CHANNEL INSTANCE SUBTYPE; CHANNEL NETWORK; CHANNEL OPERATING HOURS; CHANNEL PROCESSING TYPE; CHANNEL PROFIT; CHANNEL REPLENISHMENT; CHANNEL RISK GRADE; CHANNEL STATUS TYPE; CHANNEL TYPE; CHANNEL TYPE CAPACITY; CHANNEL TYPE GROUP; CHANNEL TYPE GROUP XREF; CHANNEL TYPE RISK GRADE; CHANNEL TYPE SUBTYPE; CHANNEL TYPE USAGE; CHANNEL USAGE TYPE; CONNECTION TYPE; CONTEXT; CONVENIENCE FACTOR TYPE; CRAWLER; CRAWLER PERMISSION TYPE; CRAWLER WEB PAGE PERMISSION; CRAWLER WEB SITE PERMISSION; DIRECT MAIL CHANNEL TYPE; DOMAIN ROOT TYPE; ELECTRONIC CHANNEL INSTANCE; INTERACTIVE DEVICE; INTERACTIVE DEVICE TYPE; JOB TITLE CHANNEL TYPE; KIOSK CHANNEL INSTANCE; MANUFACTURER MODEL; MULTIMEDIA MESSAGE CHANNEL TYPE; ONLINE CHANNEL TYPE; OPERATING SYSTEM; OPERATING SYSTEM FAMILY; OPERATING SYSTEM VERSION; OVER THE COUNTER CHANNEL TYPE; PARTY CHANNEL INSTANCE; PARTY CHANNEL INSTANCE XREF; PARTY CHANNEL REASON TYPE; PARTY CHANNEL ROLE; PARTY CHANNEL TYPE; PHYSICAL MAIL CHANNEL INSTANCE; PHYSICAL MAIL SERVICE TYPE; PRINT CHANNEL INSTANCE; PROTOCOL TYPE; RADIO STATION CHANNEL INSTANCE; RANK TYPE; RECEIVER USER SETTING; REFERRING SITE; REFERRING SITE TYPE; REPLENISH MEDIUM TYPE; SEGMENT PAGE INTEREST MAP; SEGMENT SITE INTEREST MAP; SITE CHANNEL INSTANCE; STATEMENT INSERT CHANNEL TYPE; TELEPHONE CHANNEL TYPE; TELEPHONE NUMBER CHANNEL INSTANCE; TELEVISION CHANNEL INSTANCE; TEXT MESSAGE CHANNEL TYPE; TV RECEIVER SETTING; TV RECEIVER SETTING TYPE; TV SIGNAL RECEIVER; USER SETTING TYPE; WEB GROUP PUBLISHER; WEB PAGE; WEB PAGE CONTEXT; WEB PAGE ERROR; WEB PAGE ERROR TYPE; WEB PAGE OBJECT VIEW; WEB PAGE PRODUCT XREF; WEB PAGE STATUS CATEGORY; WEB PAGE TEXT; WEB SERVER; WEB SERVER ACTIVITY; WEB SERVER INTERNET PROTOCOL ADDRESS; WEB SERVER SOFTWARE; WEB SERVER STATUS; WEB SERVER STATUS CATEGORY; WEB SERVER STATUS TYPE; WEB SITE; WEB SITE CONTENT TYPE; WEB SITE CRAWLER; WEB SITE DATABASE REPOSITORY; WEB SITE GROUP; WEB SITE GROUP XREF; WEB SITE NAVIGATION; WEB SITE SECTION; WEB SITE SERVER; WEB SITE SUBSTITUTE SECTION; WEB SITE SUBSTITUTE SECTION TYPE; WEB SITE SUBTYPE; WEB SITE USER SPACE; WIRELESS PROTOCOL CHANNEL TYPE"
"Foundation - Event","354","ACCESS DEVICE ACTIVATE EVENT; ACCESS DEVICE EVENT; ACCIDENT EVENT; ACTIVITY ACTIVITY GROUP; ACTIVITY GROUP; AD EVENT; AD EVENT TYPE; AD ORDER EVENT; ADMINISTRATIVE ALERT; AGREEMENT GROUP EVENT; ALERT EVENT; ALERT EVENT CATEGORY; ALERT EVENT SUBTYPE; ALERT EVENT WEIGHTING; ALERT PRIORITY TYPE; ALERT RESOLUTION TEXT; ALERT SETUP; ALERT SETUP COMMENT; ALERT SETUP CONDITION; ALERT SETUP FOR AGREEMENT; ALERT SETUP NOTIFICATION LEVEL TYPE; ALERT SETUP NOTIFICATION LOCATOR; ALERT SETUP NOTIFICATION PARTY; ALERT STANDARD TRIGGER; ALERT TRIGGER SUBTYPE; ALERT TYPE; ALERT WEIGHTING VALUE TYPE; APPLICANT FRAUD; APPLICANT INTERVIEW RESULT TYPE; APPLICATION FRAUD CASE; APPLICATION FRAUD TYPE; APPLICATION IDENTITY THEFT; AUDIO PLAY EVENT; AUDIO PLAY RADIO STATION XREF; AUTHOR RANK; AUTHORIZATION TYPE; BACK OFFICE EVENT; BANK TRANSFER EVENT TYPE; BOOKMARK; CALL CENTER CONTACT EVENT; CALL CENTER CONTACT TYPE; CAMPAIGN WEB EVENT; CART ACTION TYPE; CASE AMOUNT; CASE AMOUNT TYPE; CASE CATEGORY TYPE; CASE DETAIL; CASE DOCUMENT; CASE EVENT; CASE EVENT ROLE TYPE; CASE PARTY; CASE PARTY ROLE TYPE; CASE RESOLUTION TYPE; CASE SCORE; CASE STATUS; CASE STATUS TYPE; CASE TEXT; CASE TYPE; CATEGORY SCORE; CAUSAL EVENT; CAUSAL EVENT TYPE; CHECK EVENT TYPE; CLICK ACTION TYPE; CLICK ACTIVITY; CLICK CONTEXT TYPE; COLOR DEPTH TYPE; CONSENT EVENT; CONTACT EVENT; CONTACT EVENT TYPE; CONTACT INITIATION TYPE; CONTACT INITIATOR TYPE; CONTACT MENU OPTION; CONTACT OUTCOME TYPE; CONTACT SCRIPT; CONTENT GROUP VIEW; CONTENT TYPE; CONVERSION; CONVERSION STEP; COOKIE; CUSTOM EVENT INFORMATION; CUSTOM NUMERIC TYPE; CUSTOM PAGE VIEW EVENT; CUSTOM STRING TYPE; CUSTOM WEB EVENT; CUSTOMER TONE TYPE; CUSTOMER TRANSACTION FRAUD; DEBIT CREDIT TYPE; DIGITAL ITEM; DIRECT CONTACT EVENT; DIRECT CONTACT TYPE; DOWNLOAD EVENT; DOWNLOAD FAILURE REASON TYPE; DOWNLOAD ITEM; ECONOMIC EVENT; EVENT; EVENT ACTIVITY TYPE; EVENT CHANNEL INSTANCE; EVENT CHANNEL REASON; EVENT CLASS SCHEME TYPE; EVENT CLASS VALUE; EVENT CONTENT; EVENT CONTENT ITEM; EVENT COST; EVENT DOCUMENT; EVENT DOCUMENT ROLE; EVENT EVENT CLASS XREF; EVENT FEATURE; EVENT FEATURE ROLE; EVENT FORECAST METRIC; EVENT GROUP; EVENT GROUP TYPE; EVENT GROUP XREF; EVENT LOCATOR; EVENT LOCATOR REASON; EVENT MEDIUM TYPE; EVENT METRIC; EVENT METRIC TYPE; EVENT MULTIMEDIA OBJECT; EVENT MULTIMEDIA REASON; EVENT PARTY; EVENT PARTY ROLE; EVENT PRODUCT; EVENT PRODUCT IDENTIFICATION; EVENT PRODUCT ROLE; EVENT REASON; EVENT RELATED; EVENT RELATED REASON; EVENT SCORE; EVENT SITE; EVENT SITE REASON; EVENT STATUS; EVENT STATUS REASON; EVENT STATUS TYPE; EVENT SUBTYPE; EVENT TEXT; EXTENDED SESSION INFORMATION; EXTERNAL TRIGGER; EXTERNAL TRIGGER TYPE; FILE FORMAT; FINANCIAL AGREEMENT EVENT; FINANCIAL EVENT; FINANCIAL EVENT AMOUNT; FINANCIAL EVENT AMOUNT TYPE; FINANCIAL EVENT TYPE; FLASH VERSION TYPE; FORM FIELD; FORM FIELD EVENT; FORM STATUS; FORM STATUS TYPE; GAME PLAY EVENT; IN OUT DIRECTION TYPE; INBOUND CALL; INBOUND EMAIL; INTERACTION EVENT; INTERACTION EVENT IMPRESSION XREF; INTERACTION STATUS; INTERACTION STATUS TYPE; INTERACTION SUMMARY; INTERACTION TYPE; INTERACTIVE CHAT; INTERBANK EVENT; INTERNAL SEARCH ACTION TYPE; INTERNAL SEARCH EVENT; INTERNAL SEARCH EVENT XREF; INTERNAL SEARCH NAME TYPE; INTERNAL SEARCH RESULT CONTENT; INTERNAL SEARCH RESULT TYPE; INTRABANK EVENT; ITEM TRANSFER; ITEM TRANSFER DIRECTION TYPE; IVR ACTION; IVR BUSINESS TRANSACTION; IVR LEG; IVR LEG ACTION TYPE; IVR LEG TERMINATION TYPE; IVR STEP NAVIGATION; IVR STEP TRANSACTION; IVR TERMINATION TYPE; JAVASCRIPT VERSION; KEYWORD CATEGORY; KEYWORD PHRASE; KEYWORD PLACEMENT; KEYWORD PLACEMENT AD GROUP XREF; LIMIT AUTHORIZATION ORIGIN TYPE; MATURITY EVENT ALERT; MEASUREMENT; MEASUREMENT CONDITION TYPE; MEASUREMENT DIAGNOSTIC TYPE; MEASUREMENT EVENT; MEASUREMENT EVENT MEASURE; MEASUREMENT EVENT MEASURE TYPE; MEASUREMENT EVENT PURPOSE; MEASUREMENT EVENT RESULT; MEASUREMENT EVENT RESULT TYPE; MEASUREMENT EVENT TYPE; MEASUREMENT READING; MEASUREMENT RELATED; MEASUREMENT RELATED ROLE; MEASUREMENT STANDARD CONDITION; MEASUREMENT STANDARD RESULT; MEASUREMENT STANDARD RESULT TYPE; MEASUREMENT SUBTYPE; MEDIA PLAYER EVENT; MEMBER PRIVACY PREFERENCE; MENU OPTION TYPE; MERCHANT TRANSACTION FRAUD; MONITOR RESULT CATEGORY; MONITOR RESULT TOPIC; MONITOR SITE; MONITOR SITE AUTHOR; MONITOR SITE CATEGORY; MONITOR SITE CONTENT SOURCE; MONITOR SITE LIST; MONITOR SITE POST; MONITOR SITE RESULT; NAME VALUE PAIR EVENT XREF; NATURAL EVENT; NETWORK ACCESS DEVICE EVENT; NETWORK GROUPING TYPE; NETWORK SERVICE EVENT; NETWORK TYPE; OFFSET VALUE TYPE; ONLINE CAMPAIGN CHARACTERISTIC; ONLINE DOCUMENT INFORMATION; ONLINE PROMOTION SUMMARY; ONLINE RADIO STATION; ONLINE VISITOR AFFILIATION TYPE; OPPORTUNITY STATUS REASON TYPE; ORGANIZED EVENT; OUTBOUND CALL; OUTBOUND CALL REASON TYPE; PAGE EVENT STATUS TYPE; PAID SEARCH; PAID SEARCH PROMOTION STATUS TYPE; PARTY ASSET EVENT; PARTY ASSET EVENT ROLE; PARTY IDENTIFICATION EVENT; PAYROLL PAY PERIOD; PAYROLL REGISTER; PAYROLL REGISTER PAYMENT; PAYROLL TRANSACTION SUBTYPE; PHISHING TRANSACTION FRAUD; POLITICAL EVENT; POSITION APPLICANT INTERVIEW; PRODUCT REVIEW EVENT; PRODUCT VIEW WEB EVENT; PROMOTED PRODUCT EVENT; PUBLISH CONTENT VIEW; PUBLISHED CONTENT REVIEW; PURCHASE EVENT; QUERY STRING FIELD TYPE; QUOTATION CONTACT EVENT; QUOTATION METRIC; QUOTATION METRIC TYPE; RADIO STATION TYPE; REBATE EVENT; RECOMMENDATION EVENT; RECOVERY COLLECTION CONTACT EVENT; REFERRAL SEARCH; REWARD EVENT; REWARD EVENT TYPE; SCREEN RESOLUTION TYPE; SCRIPTED MESSAGE; SCRIPTED MESSAGE STATUS TYPE; SCRIPTED MESSAGE TYPE; SEARCH BY TYPE; SEARCH ENGINE ACCOUNT CAMPAIGN XREF; SEARCH ENGINE SYSTEM; SEARCH ENGINE SYSTEM ACCOUNT; SEARCH ENGINE SYSTEM TYPE; SEARCH EVENT FIELD; SEARCH FIELD NAME; SEARCH ITEM XREF; SEARCH MATCH TYPE; SEARCH REFINEMENT TYPE; SEARCH TYPE; SELF SERVICE CONTACT EVENT; SESSION ATTRIBUTE TYPE; SESSION EVENT INFORMATION; SETTLEMENT DIRECTION TYPE; SHOPPING CART; SHOPPING CART EVENT; SITE CATEGORY; SOCIAL NETWORK ACCESS; SOCIAL NETWORK ACTIVITY XREF; SOCIAL NETWORK AFFILIATION; SOCIAL NETWORK AFFILIATION TYPE; SOCIAL NETWORK MEMBER; SOCIAL NETWORK PROFILE; SOCIAL NETWORK SUMMARY ACTIVITY; SORT BY VALUE TYPE; STANDARD COMMENT; STANDARD COMMENT TYPE; STANDARD RESULT SET; STANDARD RESULT SET TYPE; STANDARD RESULT VALID VALUE; STANDARD TEXT PATTERN; STATEMENT EVENT; STATEMENT EVENT TYPE; TEXT PATTERN RESPONSE; TOP SITE; TRANSACTION FRAUD CASE; TRANSACTION FRAUD TYPE; TRANSFER EVENT; TRANSFER EVENT SUBTYPE; TRANSFER FAILURE REASON; TRANSFER PROTOCOL TYPE; TRAVEL CLASS TYPE; TRAVEL EVENT; UNKNOWN PARTY EVENT; UPLOAD ITEM; URL INFORMATION; USER SOURCE INFORMATION; USER TYPE INFORMATION; VISIT; VISIT ACTION TYPE; VISIT PRODUCT FEATURE SUMMARY; VISIT PROMOTION XREF; VISIT SUBTYPE; VISITOR; VISITOR IDENTIFICATION METHOD TYPE; VISITOR INTERACTION EVENT; VISITOR INTERACTION EVENT SUBTYPE; VISITOR LOGON; VISITOR LOGON SYSTEM; VISITOR LOGON TYPE; WARNING ALERT; WEB CAMPAIGN EVENT; WEB DOCUMENT EVENT; WEB EVENT DETAIL; WEB FORM; WEB FORM EVENT; WEB INTERACTION EVENT; WEB INTERACTION SITE TYPE; WEB PAGE AD VIEW XREF; WEB PAGE EVENT INFORMATION; WEB PAGE VIEW; WEB PAGE VIEW AD SUMMARY; WEB PAGE VIEW SUMMARY; WEB SCENARIO EVENT; WEB SCENARIO STEP; WEB SESSION COOKIE; WEB SHOPPING EXPERIENCE EVENT; WEB SHOPPING EXPERIENCE EVENT PRODUCT XREF; WEB SHOPPING EXPERIENCE EVENT SUBTYPE; WEB SHOPPING EXPERIENCE FUNCTION TYPE; WEB SITE BREADCRUMB; WEB SITE ENTRY TYPE; WEB VISIT; WEB VISIT INTERNET PROTOCOL XREF; WEB VISIT SUBTYPE; WEB VISIT SUMMARY; WEB VISITOR EVENT TYPE; WISH LIST EVENT"
"Foundation - Finance","356","ACCOUNTS PAYABLE; ACCOUNTS RECEIVABLE; ACCRUED LIABILITY ACCOUNT; ADJUSTMENT REASON TYPE; ADJUSTMENT TYPE; AGREEMENT FINANCIAL RULE; AMORTIZATION METHOD TYPE; AP INVOICE; AP INVOICE EXPENSE; AP INVOICE LINE; AP INVOICE LINE ADJUSTMENT; AP INVOICE LINE AMOUNT; AP INVOICE LINE PAYMENT; AP INVOICE LINE STATUS; AP INVOICE LINE VENDOR PO LINE; AP INVOICE LINE VENDOR RECEIPT LINE; AP INVOICE SUBTYPE; AP RECURRING EXPENSE; AP REIMBURSABLE EXPENSE; AR COLLECTION ACTIVITY; AR COLLECTION ACTIVITY TYPE; AR INVOICE; AR INVOICE LINE; AR INVOICE LINE ADJUSTMENT; AR INVOICE LINE AMOUNT; AR INVOICE LINE QUANTITY; AR INVOICE LINE RECEIPT; AR INVOICE LINE TYPE; AR INVOICE REASON TYPE; AR INVOICE TYPE; ASSET ACCOUNT; ASSET ACCOUNT SUBTYPE; AVAILABLE CASH ACCOUNT; BALANCE SHEET GL MAIN ACCOUNT; BALANCE SHEET GL MAIN ACCOUNT TYPE; BANK DRAFT; BUSINESS STRATEGY; BUSINESS STRATEGY OBJECTIVE; BUSINESS STRATEGY TYPE; CHARGE GROUP TYPE; CHARGE TYPE; CHART OF ACCOUNTS CODE; COA CODE BALANCE; COA CODE BALANCE REASON; COA CODE BALANCE SUBTYPE; COA CODE BALANCE TYPE; COA CODE SEGMENT; COA CODE SEGMENT SUBTYPE; COA CODE SEGMENT XREF; COA MONETARY BALANCE; COA QUANTITATIVE BALANCE; COA SEGMENT RELATED; COLLECTION STATUS TYPE; COMMON STOCK ACCOUNT; COMMON STOCK ACCOUNT TYPE; CONSOLIDATED INVOICE; CONSOLIDATED INVOICE STATUS; CONSOLIDATED INVOICE SUMMARY; COST OF SALES ACCOUNT; CREDIT MARKET RISK STRATEGY; CURRENCY SEGMENT; CURRENT ASSET ACCOUNT; CURRENT ASSET ACCOUNT SUBTYPE; CURRENT LIABILITY ACCOUNT; CURRENT LIABILITY ACCOUNT TYPE; CURRENT LONG TERM DEBT ACCOUNT; DEFERRED CHARGE ACCOUNT; DEFERRED INCOME TAX ACCOUNT; DEFERRED REVENUE ACCOUNT; DEPRECIABLE ASSET ACCOUNT; DEPRECIABLE ASSET ACCOUNT PAYABLE; DEPRECIABLE ASSET DEPRECIATION; DEPRECIABLE ASSET TYPE; DEPRECIABLE EQUIPMENT; DEPRECIABLE FIXED ASSET; DEPRECIABLE PROPERTY; DEPRECIATION AMOUNT; DEPRECIATION METHOD TYPE; DIVIDEND EQUITY ACCOUNT; DIVIDEND EQUITY ACCOUNT TYPE; DUNNING LETTER; DUNNING LEVEL TYPE; EARNING STATEMENT TYPE; EQUITY ACCOUNT; EQUITY ACCOUNT TYPE; EQUITY SURPLUS ACCOUNT; EXPENSE ACCOUNT; EXPENSE ACCOUNT COST TYPE XREF; EXPENSE ACCOUNT SUBTYPE; EXTERNAL PROJECT; FACILITY OPERATING EXPENSE ACCOUNT; FINANCIAL EVENT JOURNAL ENTRY LINE; FINANCIAL PLAN; FINANCIAL PLAN BALANCE; FINANCIAL PLAN PROJECT TASK RESOURCE; FINANCIAL PLAN STATUS TYPE; FINANCIAL RULE; FINANCIAL RULE METRIC TYPE; FINANCIAL RULE RELATED; FIXED ASSET; FIXED ASSET ACCOUNT; FIXED ASSET ACCOUNT SUBTYPE; FIXED ASSET AMOUNT; FIXED ASSET AMOUNT TYPE; FIXED ASSET BOOK; FIXED ASSET GROUP; FIXED ASSET GROUP XREF; FIXED ASSET IDENTIFICATION; FIXED ASSET IDENTIFICATION TYPE; FIXED ASSET OWNERSHIP TYPE; FIXED ASSET PO; FIXED ASSET STATUS; FIXED ASSET STATUS TYPE; FIXED ASSET TYPE; FOREIGN CURRENCY ADJUSTMENT ACCOUNT; FREIGHT TERM TYPE; FREIGHT TERM TYPE INVOICE XREF; FUNDING STRATEGY; FUNDS TRANSFER EVENT; FUNDS TRANSFER METHOD TYPE; FUNDS TRANSFER TYPE; GENERAL AND ADMINISTRATIVE ACCOUNT; GL ACCOUNT COA CODE SEGMENT; GL MAIN ACCOUNT; GL MAIN ACCOUNT CATEGORY; GL MAIN ACCOUNT CLASS VALUE; GL MAIN ACCOUNT CLASS XREF; GL MAIN ACCOUNT SCHEME TYPE; GL MAIN ACCOUNT SEGMENT; GL MAIN ACCOUNT SET OF BOOKS XREF; GL MAIN ACCOUNT STATUS; GL MAIN ACCOUNT STATUS TYPE; GL NONSERVICE PRODUCT TYPE; GL ORGANIZATION SEGMENT; GL PRODUCT SEGMENT; GL PROJECT SEGMENT; GL REPORTING NONSERVICE PRODUCT; GL REPORTING PRODUCT; GL REPORTING SERVICE PRODUCT; GL ROLLUP TYPE; GL SERVICE PRODUCT TYPE; GL SUBACCOUNT SEGMENT; GOODWILL ACCOUNT; INCOME STATEMENT GL MAIN ACCOUNT; INCOME STATEMENT GL MAIN ACCOUNT TYPE; INCOME TAX ACCOUNT; INCOME TAX PAYABLE ACCOUNT; INSTRUMENT STRATEGY; INTANGIBLE ASSET ACCOUNT; INTANGIBLE ASSET ACCOUNT SUBTYPE; INTEREST EXPENSE ACCOUNT; INTEREST INCOME ACCOUNT; INTERNAL ASSET SUBTYPE; INTERNAL ASSET TYPE; INTERNAL CONSUMABLE ASSET TYPE; INTERNAL FIXED ASSET TYPE; INTERNAL PROCESSING METHOD TYPE; INTERNAL PROJECT; INVESTMENT ASSET ACCOUNT; INVOICE; INVOICE ADJUSTMENT; INVOICE AMOUNT; INVOICE AMOUNT TYPE; INVOICE CHARGE; INVOICE LINE PARTY; INVOICE LINE PARTY ROLE; INVOICE LINE PAYMENT; INVOICE LINE PAYMENT STATUS; INVOICE PARTY; INVOICE PARTY ROLE TYPE; INVOICE PAYMENT; INVOICE PAYMENT METHOD TYPE; INVOICE PAYMENT SUBTYPE; INVOICE QUANTITY TYPE; INVOICE RELATED; INVOICE RELATIONSHIP TYPE; INVOICE SOURCE TYPE; INVOICE STATUS; INVOICE STATUS REASON TYPE; INVOICE STATUS TYPE; INVOICE SUBTYPE; ITEM IDENTIFICATION TYPE; JOINT PROJECT; JOURNAL ENTRY HEADER; JOURNAL ENTRY LINE; LABOR FINANCIAL PLAN; LEDGER BATCH; LEDGER BATCH TYPE; LEDGER POSTING STATUS; LIABILITY ACCOUNT; LIABILITY ACCOUNT SUBTYPE; LIQUIDITY STRATEGY; LONG TERM DEBT ACCOUNT; MARKETING EXPENSE ACCOUNT; NONCASH PAYMENT APPROVAL TYPE; NONCURRENT LIABILITY ACCOUNT; NONCURRENT LIABILITY ACCOUNT SUBTYPE; NONDEPRECIABLE ASSET ACCOUNT; NONDEPRECIABLE ASSET TYPE; NONDEPRECIABLE FIXED ASSET; NONDIVIDEND EQUITY ACCOUNT; NONDIVIDEND EQUITY ACCOUNT TYPE; NONVOTING STOCK ACCOUNT; OPERATING EXPENSE ACCOUNT; OPERATING EXPENSE ACCOUNT SUBTYPE; OTHER ASSET ACCOUNT; OTHER ASSET ACCOUNT SUBTYPE; OTHER CURRENT ASSET ACCOUNT; OTHER EXPENSE ACCOUNT; OTHER EXPENSE ACCOUNT SUBTYPE; OTHER INVOICE EXPENSE; OTHER LIABILITY ACCOUNT; OTHER LIABILITY ACCOUNT SUBTYPE; OTHER OPERATING EXPENSE ACCOUNT; OTHER REVENUE ACCOUNT; PA DRAFT INVOICE; PA DRAFT INVOICE LINE; PA DRAFT INVOICE LINE AMOUNT; PARTY PROJECT ROLE; PARTY PROJECT TASK ROLE; PARTY STRATEGY; PARTY STRATEGY ROLE TYPE; PARTY TRANSACTION ROLE; PATENTS ACCOUNT; PAYMENT ADJUSTMENT; PAYMENT ADJUSTMENT TYPE; PAYMENT BANK DRAFT XREF; PAYMENT PRIORITY TYPE; PAYMENT SCHEDULE; PAYMENT SCHEDULE AMOUNT; PAYMENT SCHEDULE AMOUNT TYPE; PAYMENT SCHEDULE PAYMENT; PAYMENT SCHEDULE TERM; PAYMENT SCHEDULE TYPE; PAYMENT STATUS; PAYMENT STATUS REASON TYPE; PAYMENT STATUS TYPE; PAYMENT TERM TYPE; PAYMENT TERM TYPE INVOICE XREF; PO ACCRUE TYPE; PO DELIVERY RELEASE; PO DELIVERY RELEASE LINE ITEM; PO DELIVERY RELEASE STATUS; PO LINE DELIVERY RELEASE LINE; PO RELEASE STATUS REASON TYPE; PO RELEASE STATUS TYPE; PO REQUISITION; PO TERM; PO TERM TYPE; PREFERRED STOCK ACCOUNT; PREPAID EXPENSE ACCOUNT; PRODUCT FINANCIAL RULE; PROJECT; PROJECT BILLABLE TYPE; PROJECT CLASSIFICATION TYPE; PROJECT FINANCIAL PLAN; PROJECT METRIC; PROJECT METRIC TYPE; PROJECT OBJECTIVE; PROJECT PARTY; PROJECT RESOURCE FIXED ASSET; PROJECT STATUS; PROJECT STATUS TYPE; PROJECT TASK; PROJECT TASK CHART OF ACCOUNTS; PROJECT TASK FINANCIAL PLAN; PROJECT TASK RELATED; PROJECT TASK RELATED TYPE; PROJECT TASK RESOURCE ASSIGNMENT; PROJECT TASK RESOURCE INDIVIDUAL; PROJECT TASK RESOURCE ITEM; PROJECT TASK RESOURCE ITEM TYPE; PROJECT TASK RESOURCE PARTY; PROJECT TASK RESOURCE PRODUCT; PROJECT TASK RESOURCE SUPPLY; PROJECT TASK RESOURCE TYPE; PROJECT TASK STATUS; PROJECT TYPE; PROJECTED CASH FLOW; PURCHASE REQUISITION; PURCHASE REQUISITION LINE; PURCHASE REQUISITION LINE ASSIGNMENT; PURCHASE REQUISITION LINE STATUS; PURCHASE REQUISITION STATUS; RAW LAND; RECEIPT; RECEIPT LINE; RECEIPT LINE DOCUMENT; RECEIPT LINE DOCUMENT TYPE; RECEIPT LINE INSPECTION; RECEIPT LINE QUALITY TYPE; RECEIPT LINE STATUS; RECEIPT LINE STATUS TYPE; RECEIPT LINE TYPE; RECEIPT LINE UNIQUE ITEM INSTANCE; RECEIPT STATUS; RECEIPT STATUS TYPE; RECEIPT TERM; RECEIVED QUANTITY; RECEIVED QUANTITY TYPE; RELEASE TYPE; REPORTING ORGANIZATION; REPORTING PROJECT; RESEARCH DEVELOPMENT EXPENSE ACCOUNT; RESERVES ACCOUNT; RETAINED EARNING ACCOUNT; RETURN DETAIL; RETURN LINE; RETURN LINE STATUS; RETURN LINE TYPE; RETURN LINE UNIQUE ITEM INSTANCE; RETURN REASON TYPE; RETURN STATUS TYPE; REVENUE ACCOUNT; REVENUE ACCOUNT REVENUE TYPE XREF; REVENUE ACCOUNT SUBTYPE; RISK STRATEGY TYPE; SALES REVENUE ACCOUNT; SECURITIES ACCOUNT; SEGMENT RELATIONSHIP REASON; SELLING EXPENSE ACCOUNT; SET OF BOOKS; SET OF BOOKS CALENDAR YEAR; SET OF BOOKS CURRENCY; SET OF BOOKS INTERNAL ORGANIZATION; SET OF BOOKS RELATED; SET OF BOOKS RELATED REASON; SET OF BOOKS TYPE; SHORT TERM DEBT ACCOUNT; TRANSACTION ACCOUNT; TRANSACTION ACCOUNT TYPE; TRANSMITTAL MODE TYPE; TREASURY STOCK ACCOUNT; USSGL TRANSACTION TYPE; VENDOR PO; VENDOR PO COMMENT; VENDOR PO LINE; VENDOR PO LINE BACK ORDER; VENDOR PO LINE COMMENT; VENDOR PO LINE RELATED; VENDOR PO LINE RELATED TYPE; VENDOR PO LINE STATUS ASSIGNMENT; VENDOR PO LINE TERM; VENDOR PO PARTY; VENDOR PO REASON; VENDOR PO RELATED; VENDOR PO RELATED TYPE; VENDOR PO STATUS; VENDOR PO STATUS ASSIGN; VENDOR PO TERM; VENDOR PO TYPE; VENDOR RECEIPT LINE; VENDOR RECEIPT LINE VENDOR PO LINE; VENDOR RETURN PO LINE; VENDOR TYPE; VOTING STOCK ACCOUNT"
"Foundation - Internal Organization","25","ASSOCIATE FUNCTION; DAYS TYPE; FINANCIAL INSTITUTION INTERNAL ORGANIZATION; FUNCTION TYPE; HOURS TYPE; INDIVIDUAL OCCUPATION; INDIVIDUAL SKILL; INTERNAL ORGANIZATION; INTERNAL ORGANIZATION GROUP FUNCTION; INTERNAL ORGANIZATION GROUP SKILL; INTERNAL ORGANIZATION TYPE; INTERNAL ORGANIZATION WORKSTATION; JOB CLASSIFICATION; OBJECTIVE; OBJECTIVE TYPE; ORGANIZATION CENTER TYPE; ORGANIZATION HIERARCHY LEVEL; ORGANIZATION LEVEL TYPE; ORGANIZATION OPERATING HOURS; PARTY OBJECTIVE; PARTY REVENUE; SITE MAJOR TYPE; SKILL TYPE; WORKSTATION TERMINAL; WORKSTATION TYPE"
"Foundation - Location","117","ADDRESS; ADDRESS SUBTYPE; AREA JAPAN; BLOCK JAPAN; BRANCH SITE; BUSINESS IDENTIFIER ADDRESS; CHANNEL TYPE SITE; CITY JAPAN; CITY TO COUNTY; CITY TYPE; CLOUD CONDITION TYPE; COUNTRY; COUNTRY GROUP; COUNTY; CUSTOM AREA; CUSTOM AREA REASON TYPE; DIRECTION TYPE; DISTRICT JAPAN; DWELLING TYPE; ECONOMIC MEASURE TYPE; ELECTRONIC ADDRESS; ELECTRONIC ADDRESS SUBTYPE; GEOGRAPHIC AREA RISK; GEOGRAPHIC AREA RISK TYPE; GEOGRAPHIC AREA TIME ZONE; GEOGRAPHIC ECONOMIC MEASURE; GEOGRAPHIC LIMIT; GEOGRAPHICAL AREA; GEOGRAPHICAL AREA HOLIDAY; GEOGRAPHICAL AREA IDENTIFICATION; GEOGRAPHICAL AREA IDENTIFICATION TYPE; GEOGRAPHICAL AREA SEASON; GEOGRAPHICAL AREA SEASON DAY; GEOGRAPHICAL AREA SUBTYPE; GEOGRAPHY RISK GRADE; GEOPOLITICAL AREA; GEOSEQUENCE; GEOSEQUENCE POINT; GEOSEQUENCE POINT TRAIT; GEOSPATIAL; GEOSPATIAL AREA; GEOSPATIAL AREA POINT; GEOSPATIAL POINT; GEOSPATIAL ROADWAY SUBTYPE; GEOSPATIAL SET; GEOSPATIAL SET MEMBER; GEOSPATIAL SUBTYPE; HOLIDAY TYPE; INTERNET PROTOCOL ADDRESS; INTERNET PROTOCOL ADDRESS GEOGRAPHICAL MAP; LOCATOR; LOCATOR DEMOGRAPHIC; LOCATOR METRIC; LOCATOR METRIC TYPE; LOCATOR RELATED; LOCATOR RELATED REASON; LOCATOR SUBTYPE; LOCATOR TO LOCATOR DISTANCE; LOCATOR USAGE TYPE; LOCATOR WEATHER MEASUREMENT; MOBILE TELEPHONE NUMBER; OVERSEAS MILITARY ADDRESS; PARCEL ADDRESS; POST OFFICE BOX ADDRESS; POSTAL CODE; POSTAL CODE JAPAN; PREFECTURE JAPAN; REGION; ROAD TYPE; ROADWAY; ROADWAY SEGMENT; ROADWAY SEGMENT RISK GRADE; ROUTING TRANSIT NUMBER ADDRESS; SCHEDULE GROUP TYPE; SITE BUSINESS HOURS; SITE CLASS SCHEME TYPE; SITE CLASS VALUE; SITE COST; SITE DAILY HOURS; SITE DAY OF WEEK HOURS; SITE IDENTIFICATION; SITE IDENTIFICATION TYPE; SITE LOCATOR; SITE METRIC; SITE METRIC TYPE; SITE PARTY; SITE PARTY ROLE; SITE PRODUCT; SITE PRODUCT ROLE; SITE PURPOSE TYPE; SITE RELATED; SITE RELATIONSHIP TYPE; SITE SCHEDULE GROUP; SITE SCHEDULE XREF; SITE SITE CLASS XREF; SITE STATUS; SITE STATUS TYPE; SITE TRAIT; SITE TRAIT TYPE; SITE TRAIT VALUE; SITE TRAIT XREF; SITE TYPE; SITE TYPE XREF; SITE WEATHER MEASUREMENT; STREET ADDRESS; STREET ADDRESS DETAIL; STREET ADDRESS JAPAN; STREET ADDRESS LINE; STREET SUFFIX TYPE; TELEPHONE NUMBER; TERRITORY; TERRITORY TYPE; TIME ZONE; WEATHER STATION; WORK SHIFT DAILY HOURS; WORK SHIFT DAY OF WEEK HOURS; WORK SHIFT TYPE"
"Foundation - Party","380","ADDRESS DELIVERY STATUS; ADJUSTED EARNING; ADJUSTED EARNING SUBTYPE; AFTER TAX CHARITABLE CONTRIBUTION; AFTER TAX DEDUCTION; AFTER TAX DEDUCTION SUBTYPE; AFTER TAX SAVINGS PLAN; AGE DETERMINATION TYPE; AGENCY CREDIT REPORT; AGENT INDEPENDENCE TYPE; ASSOCIATE; ASSOCIATE BENEFICIARY; ASSOCIATE BENEFIT PLAN; ASSOCIATE CONTACT; ASSOCIATE DEDUCTION; ASSOCIATE DEDUCTION SUBTYPE; ASSOCIATE EMPLOYMENT; ASSOCIATE EMPLOYMENT BASIS; ASSOCIATE JOB CLASSIFICATION LABOR ACTUAL; ASSOCIATE JOB CLASSIFICATION SHIFT SCHEDULE; ASSOCIATE LABOR TASK; ASSOCIATE LEAVE EARNED; ASSOCIATE LEAVE PLAN; ASSOCIATE LEAVE REASON; ASSOCIATE LEAVE TAKEN; ASSOCIATE LEAVE TYPE; ASSOCIATE ORGANIZATION POSITION; ASSOCIATE PAY ELEMENT; ASSOCIATE PAYROLL TRANSACTION; ASSOCIATE PERFORMANCE EVALUATION; ASSOCIATE PERFORMANCE EVALUATION DETAIL; ASSOCIATE PERFORMANCE GRADE TYPE; ASSOCIATE PLAN CONTRIBUTION; ASSOCIATE PLAN CONTRIBUTION TYPE; ASSOCIATE POSITION STATUS; ASSOCIATE POSITION STATUS TYPE; ASSOCIATE RELATIONSHIP TYPE; ASSOCIATE STATUS; ASSOCIATE STATUS REASON; ASSOCIATE STATUS TYPE; ASSOCIATION; ASSOCIATION TYPE; AUDITED TYPE; BANK BUSINESS TYPE; BANKRUPTCY TYPE; BEFORE TAX DEDUCTION; BEFORE TAX DEDUCTION SUBTYPE; BEFORE TAX MEDICAL INSURANCE; BEFORE TAX SAVINGS PLAN; BENEFIT PLAN; BENEFIT PLAN ELIGIBILITY TERM TYPE; BENEFIT PLAN OPTION; BENEFIT PLAN OPTION ELIGIBILITY; BENEFIT PLAN OPTION POSITION; BENEFIT PLAN OPTION STATUS TYPE; BENEFIT PLAN OPTION SUBTYPE; BIC BUSINESS TYPE; BONUS; BUSINESS; BUSINESS CATEGORY; BUSINESS INTEREST SUMMARY; BUSINESS OWNERSHIP; CENTRAL BANK; CERTIFICATION; CERTIFICATION TYPE; COMMISSION; COURSE; COURSE COMPLETED; COURSE COMPLETED CERTIFICATION; COURSE FEEDBACK QUESTION; COURSE FEEDBACK RESPONSE; COURSE PREREQUISITE; COURSE SCHEDULED; CREDIT REPORT COMMENT TYPE; CREDIT REPORTING PARTY SUBTYPE; CUSTOMER LOCATION TYPE; DELIVERY STATUS; DIRECT EARNING; DIRECT EARNING SUBTYPE; DIRECT EARNINGS FINANCIAL INSTRUMENT; DIRECT PAY ELEMENT; DIRECT PAY ELEMENT FIXED; DIRECT PAY ELEMENT FIXED TYPE; DIRECT PAY ELEMENT TYPE; DIRECT PAY ELEMENT VARIABLE; DOCUMENT TYPE; EDUCATION LEVEL TYPE; EDUCATION SUPPORT TYPE; EMIGRATION HISTORY; EMPLOYMENT BASIS TYPE; ETHNICITY TYPE; EXTERNAL LIST; EXTERNAL LIST TYPE; FEDERAL TAX; FINANCIAL DOCUMENT ITEM TYPE; FINANCIAL DOCUMENT TYPE; FINANCIAL INSTITUTION; FINANCIAL INSTITUTION ID TYPE; FINANCIAL INSTITUTION TYPE; FINANCIAL ITEM STATUS REASON; FINANCIAL ITEM STATUS TYPE; FINANCIAL REGULATOR; FORM OF PAYMENT TYPE; GENDER TYPE; GICS INDUSTRY GROUP TYPE; GICS INDUSTRY TYPE; GICS SECTOR TYPE; GICS SUBINDUSTRY TYPE; GIIN CATEGORY CODE; GLOBAL INTERMEDIARY IDENTIFICATION NUMBER; GOVERNMENT; GOVERNMENT TYPE; GRIEVANCE PROCEDURE; GRIEVANCE PROCEDURE SCOPE TYPE; GRIEVANCE PROCEDURE TYPE; GRIEVANCE PROCESS STATUS; GRIEVANCE PROCESS STATUS REASON; GRIEVANCE PROCESS STATUS TYPE; GRIEVANCE PROJECT; HEALTH INSURANCE INDIRECT EARNING; HOUSEHOLD; HOUSEHOLD MEMBER; HR INTERNAL ORGANIZATION; HR INTERNAL ORGANIZATION TYPE; HR POSITION; HR POSITION RELATED; HR POSITION RELATED ROLE; HR POSITION SITE; HR POSITION SITE REASON; HR POSITION TRAIT; HR POSITION TYPE; IDENTIFICATION TYPE USAGE TYPE; IDENTIFICATION USAGE TYPE; INDIRECT EARNING; INDIRECT EARNING SUBTYPE; INDIRECT PAY ELEMENT; INDIRECT PAY ELEMENT TYPE; INDIVIDUAL; INDIVIDUAL BONUS TIMING; INDIVIDUAL MARITAL STATUS; INDIVIDUAL MILITARY STATUS; INDIVIDUAL MORTALITY; INDIVIDUAL NAME; INDIVIDUAL PAY TIMING; INDIVIDUAL SPECIAL NEED; INDIVIDUAL TRAIT; INFRASTRUCTURE SUPPORT TYPE; INSTRUCTOR; INSURANCE PLAN; INTERNAL ORGANIZATION SUBTYPE; INTERNAL PARTY IDENTIFICATION; ISO LANGUAGE TYPE; JOB CLASSIFICATION LABOR SHIFT SCHEDULE; JOB LABOR TASK CROSS REFERENCE; LABOR GRIEVANCE; LABOR GRIEVANCE DOCUMENT; LABOR GRIEVANCE PROCESS; LABOR GRIEVANCE STATUS; LABOR GRIEVANCE STATUS REASON; LABOR GRIEVANCE STATUS TYPE; LABOR GRIEVANCE TYPE; LABOR POOL; LABOR TASK GROUP; LABOR TASK TYPE; LANGUAGE PROFICIENCY TYPE; LANGUAGE TYPE; LANGUAGE USAGE TYPE; LEAVE INDIRECT EARNING; LEAVE PLAN; LEGAL ACTION PARTY ROLE TYPE; LEGAL CLASSIFICATION; LEGAL ENTITY IDENTIFIER; LIFECYCLE TYPE; LOCAL TAX; LOYALTY PARTY ROLE TYPE; MARITAL STATUS TYPE; MARKETING GOAL TYPE; MARKETING SUPPORT TYPE; MILITARY STATUS TYPE; MISCELLANEOUS BENEFIT PLAN; MORTALITY TABLE; MORTALITY TABLE PURPOSE; MORTALITY TABLE RISK FACTOR; NAME SALUTATION; NAME TYPE; NAME USAGE TYPE; NAME VALEDICTION; NATIONALITY TYPE; OCCUPATION TYPE; OPERATIONAL AUTHORITY TYPE; ORGANIZATION; ORGANIZATION BUSINESS TYPE; ORGANIZATION BUSINESS TYPE XREF; ORGANIZATION CLASSIFICATION GEOGRAPHIC AREA; ORGANIZATION CLASSIFICATION SCHEME; ORGANIZATION HIERARCHY; ORGANIZATION HIERARCHY TYPE; ORGANIZATION LEVEL; ORGANIZATION NAICS RATIO; ORGANIZATION NAME; ORGANIZATION PAY ELEMENT; ORGANIZATION POSITION; ORGANIZATION POSITION STATUS; ORGANIZATION POSITION TRAIT; ORGANIZATION SIC RATIO; ORGANIZATION SIZE TYPE; ORGANIZATION TAX STATUS; ORGANIZATION TYPE; OTHER INSTITUTION INTERNAL ORGANIZATION; OTHER INTERNAL ORGANIZATION; OTHER PARTY INSURANCE COVERAGE; OTHER PARTY INSURER; OVER WITHHELD TAX REIMBURSEMENT; OVERTIME PAY; OWNERSHIP TYPE; PARTY; PARTY ADDRESS; PARTY APPLICATION; PARTY APPLICATION DEMOGRAPHIC; PARTY APPLICATION ROLE; PARTY AUTHORIZATION QUESTION; PARTY AUTHORIZATION RESPONSE; PARTY BANKRUPTCY; PARTY CHANNEL INSTANCE PREFERENCE; PARTY CHANNEL PREFERENCE SCORE; PARTY CHANNEL TYPE ACTIVITY QUOTA; PARTY CLASS RISK GRADE; PARTY CLASS SCHEME TYPE; PARTY CLASS VALUE; PARTY COST; PARTY CREDIT INQUIRY SUMMARY; PARTY CREDIT REPORT; PARTY CREDIT REPORT COMMENT; PARTY CURRENCY; PARTY CURRENCY ROLE TYPE; PARTY DEMOGRAPHIC; PARTY DOCUMENT; PARTY DOCUMENT LOCATOR; PARTY DOCUMENT ROLE TYPE; PARTY FEATURE; PARTY FEATURE ROLE TYPE; PARTY FINANCIAL DOCUMENT; PARTY FINANCIAL DOCUMENT ITEM; PARTY GRIEVANCE; PARTY GRIEVANCE ROLE; PARTY GROUP; PARTY GROUP LIMIT; PARTY GROUP METRIC; PARTY GROUP REASON TYPE; PARTY GROUP RISK GRADE; PARTY GROUP SCORE; PARTY GROUP SELECT CRITERION; PARTY IDENTIFICATION; PARTY IDENTIFICATION CATEGORY; PARTY IDENTIFICATION LOCATOR; PARTY IDENTIFICATION STATUS; PARTY IDENTIFICATION STATUS TYPE; PARTY IDENTIFICATION TYPE; PARTY IDENTIFICATION TYPE RELATED; PARTY IDENTIFICATION TYPE RELATED REASON; PARTY IDENTIFICATION VALIDATION; PARTY INFORMATION VALIDATION; PARTY JOB CLASSIFICATION; PARTY LANGUAGE PROFICIENCY; PARTY LANGUAGE USAGE; PARTY LEGAL ACTION; PARTY LIABILITY; PARTY LIMIT; PARTY LOCATOR; PARTY METRIC; PARTY METRIC PROJECTION; PARTY METRIC TYPE; PARTY PARTY CLASS XREF; PARTY PRIVACY PREFERENCE; PARTY PRODUCT FUNCTION; PARTY PRODUCT GROUP QUOTA; PARTY PRODUCT QUOTA; PARTY PRODUCT SCORE; PARTY PROFIT; PARTY PUBLIC RECORD; PARTY QUOTA; PARTY QUOTATION; PARTY QUOTATION ROLE; PARTY RELATED; PARTY RELATED FUNCTION; PARTY RELATED FUNCTION GEOGRAPHIC AREA; PARTY RELATED METRIC; PARTY RELATED ROLE; PARTY RELATED STATUS REASON; PARTY RELATED STATUS TYPE; PARTY RELATED SUBTYPE; PARTY RELATIONSHIP COST; PARTY RISK GRADE; PARTY RISK GRADE RELATED; PARTY ROLE RELATIONSHIP TYPE; PARTY ROLE TO PARTY ROLE; PARTY ROUTING TRANSIT NUMBER; PARTY SANCTION; PARTY SCORE; PARTY SCORE RELATED; PARTY SCRIPT; PARTY SEGMENT SCORE; PARTY SOLICITATION PREFERENCE; PARTY SPECIALTY; PARTY STATUS; PARTY STATUS REASON TYPE; PARTY STATUS TYPE; PARTY STRUCTURE TYPE; PARTY SUBTYPE; PARTY SYSTEM ABUSE; PARTY TEXT; PARTY TO EXTERNAL LIST; PARTY TO PARTY ASSET; PARTY TO PARTY GROUP; PARTY TO PARTY GROUP REASON; PARTY TYPE; PAY ELEMENT; PAY ELEMENT TYPE; PAY ELEMENT VARIABLE BASIS TYPE; PAY ELEMENT VARIABLE TYPE; PAY STUB; PAY STUB BALANCE; PAYROLL BALANCE TYPE; PENSION INDIRECT EARNING; PERSONA; PERSONAL IDENTIFICATION; POSITION APPLICANT STATUS TYPE; POSITION ASSIGNMENT STATUS; POSITION GRADE; POSITION GRADE TYPE; POSITION LABOR AGREEMENT; POSITION POSTING; POSITION POSTING APPLICANT; POSITION TRAIT VALUE; PROFESSIONAL IDENTIFICATION; PROJECT TASK TRAINING EVENT; PROVIDER BUSINESS TYPE; PROVIDER DESELECT REASON; PROVIDER SELECT REASON; PROVIDER SELECT ROLE TYPE; PROVIDER TYPE; PUBLIC RECORD TYPE; QUOTA TYPE; RATING AGENCY BUSINESS TYPE; REGULAR EARNING; REGULAR EARNING SUBTYPE; REGULATED BENEFIT; REGULATED BENEFIT TYPE; RETIREMENT PLAN; RETROACTIVE PAY; ROUTING TRANSIT NUMBER; SALUTATION TYPE; SANCTION TYPE; SCHEDULED INSTRUCTOR; SIC ECONOMIC MEASURE; SIC GROUP; SPECIAL NEED TYPE; SPECIALTY TYPE; STANDARD PAY; STATE TAX; STOCK PURCHASE PLAN; STUDENT ATTENDANCE; STUDENT ENROLLMENT; SYSTEM ABUSE TYPE; TASK ADJUSTMENT; TASK ADJUSTMENT REASON TYPE; TASK ADJUSTMENT TYPE; TAX BRACKET TYPE; TAX STATUS TYPE; TRAINING EVENT; UNKNOWN PARTY; UNKNOWN PARTY ID TYPE; UNKNOWN PARTY LOCATOR; VALEDICTION TYPE; VARIABLE EARNING; VARIABLE EARNING SUBTYPE; VENDOR; VERY IMPORTANT PERSON TYPE; WITHHOLDING TAX; WITHHOLDING TAX SUBTYPE"
"Foundation - Party Asset","109","ALARM TYPE; ANIMAL; ANIMAL BREED TYPE; ANIMAL TYPE; ASSET APPRAISAL REASON TYPE; ASSET CLASS MATURITY RISK GRADE; ASSET CONTRACT ROLE SUBTYPE; ASSET DETAIL CODE XREF; ASSET DETAIL SCHEME TYPE; ASSET DETAIL TYPE; ASSET FEATURE; ASSET INSPECTION; ASSET INSURANCE HISTORY TYPE; ASSET INSURANCE RISK CATEGORY; ASSET MAINTENANCE TYPE; ASSET RISK GRADE; ASSET RISK GRADE RELATED; ASSET ROLE TYPE; ASSET SCORE; ASSET USE TYPE; ASSET VALUATION AMOUNT TYPE; ASSET VALUATION METHOD TYPE; ASSET VALUATION PURPOSE TYPE; ASSET VALUE; BODY TYPE; CASH ASSET; CONSTRUCTION TYPE; EQUIPMENT ASSET; EQUIPMENT TYPE; FINANCIAL ASSET; FINANCIAL ASSET SUBTYPE; INSPECTION EVALUATION METHOD TYPE; INSURANCE COVERAGE TYPE; INTELLECTUAL PROPERTY; INTELLECTUAL PROPERTY TYPE; INVENTORY; JEWELRY; JEWELRY GEM TYPE; JEWELRY METAL TYPE; JEWELRY TYPE; LENDER PARTY LIABILITY; LIABILITY; LIABILITY BALANCE; LIABILITY FEATURE; LIABILITY ROLE TYPE; LIABILITY TYPE; LIENHOLDER POSITION TYPE; MODIFICATION TYPE; MOTOR VEHICLE; MOTOR VEHICLE DETAIL; MOTOR VEHICLE TYPE; OTHER ASSET; PARTY ASSET; PARTY ASSET APPRAISAL; PARTY ASSET CLASS RISK GRADE; PARTY ASSET CLASS SCHEME TYPE; PARTY ASSET CLASS VALUE; PARTY ASSET CLASS XREF; PARTY ASSET CONDITION; PARTY ASSET CONDITION TYPE; PARTY ASSET COST; PARTY ASSET COST RECOVERY; PARTY ASSET DAMAGE ASSESSMENT; PARTY ASSET DAMAGE TYPE; PARTY ASSET DOCUMENT; PARTY ASSET GROUP; PARTY ASSET GROUP PURPOSE TYPE; PARTY ASSET GROUP XREF; PARTY ASSET INSURANCE COVERAGE; PARTY ASSET INSURER; PARTY ASSET INTERNAL IDENTIFIER; PARTY ASSET LEGAL ACTION; PARTY ASSET LIABILITY; PARTY ASSET LIABILITY REASON; PARTY ASSET LOCATOR; PARTY ASSET LOCATOR ROLE; PARTY ASSET MAINTENANCE; PARTY ASSET OWNER; PARTY ASSET PART RECALL; PARTY ASSET PART TYPE; PARTY ASSET PART TYPE XREF; PARTY ASSET PART VALUATION; PARTY ASSET PHYSICAL TYPE; PARTY ASSET RECALL; PARTY ASSET RELATED; PARTY ASSET RELATED TYPE; PARTY ASSET SALVAGE STATUS; PARTY ASSET SPECIFICATION; PARTY ASSET SPECIFICATION TYPE; PARTY ASSET STATUS; PARTY ASSET STATUS TYPE; PARTY ASSET SUBTYPE; PARTY ASSET TITLE; PARTY ASSET TITLE TYPE; PARTY IDENTIFICATION LOCATOR USAGE TYPE; PARTY LIABILITY CREDIT RATING; REAL ESTATE; REAL ESTATE DETAIL; REAL ESTATE REBUILD AMOUNT; REAL ESTATE RIGHTS TYPE; REAL ESTATE TYPE; REAL ESTATE ZONE TYPE; RECEIVABLE; RECEIVABLE TYPE; ROOF CONSTRUCTION TYPE; SECURITY ASSET; TRANSMISSION TYPE; VEHICLE MANUFACTURER TYPE; VESSEL"
"Foundation - Product","127","ACCESS DEVICE DESCRIPTIVE FEATURE; AMOUNT FEATURE; BASEL III CAPITAL TYPE; DATE FEATURE; DESCRIPTIVE FEATURE; DESCRIPTIVE FEATURE TYPE; ELIGIBILITY RESTRICTION TYPE; FEATURE; FEATURE CLASSIFICATION TYPE; FEATURE DEMOGRAPHIC ELIGIBILITY; FEATURE ELIGIBILITY; FEATURE EVENT ACTIVITY ELIGIBILITY; FEATURE GROUP; FEATURE GROUP METRIC; FEATURE GROUP TYPE; FEATURE INSURANCE SUBTYPE; FEATURE LOCATOR; FEATURE OCCUPATION ELIGIBILITY; FEATURE RELATED; FEATURE RELATED LOCATOR; FEATURE RELATIONSHIP TYPE; FEATURE RISK GRADE ELIGIBILITY RULE; FEATURE SCORE MODEL ELIGIBILITY; FEATURE SUBTYPE; FEATURE TO FEATURE GROUP; FINANCIAL PRODUCT; FIXED INTEREST RATE FEATURE; INDIVIDUAL OFFERING; INTEREST INDEX HISTORY; INTEREST RATE INDEX; INTEREST RATE INDEX TYPE; INVESTMENT PRODUCT YIELD CURVE; INVESTMENT PRODUCT YIELD CURVE PURPOSE TYPE; ITEM CLASS; ITEM SUBCLASS; LEEWAY TYPE; OTHER PRODUCT IDENTIFIER; OTHER RATE FEATURE; PACKAGE OFFERING; PLANNED PRODUCT REVENUE; PRIMARY FEATURE; PRODUCT; PRODUCT CHANNEL ROLE TYPE; PRODUCT CHANNEL TYPE XREF; PRODUCT COST; PRODUCT DEMOGRAPHIC; PRODUCT DEMOGRAPHIC ELIGIBILITY; PRODUCT DOCUMENT; PRODUCT DOCUMENT ROLE TYPE; PRODUCT ELIGIBILITY; PRODUCT EVENT ACTIVITY ELIGIBILITY; PRODUCT FEATURE; PRODUCT FEATURE DEMOGRAPHIC ELIGIBILITY; PRODUCT FEATURE ELIGIBILITY; PRODUCT FEATURE ELIGIBILITY CATEGORY TYPE; PRODUCT FEATURE ELIGIBILITY TYPE; PRODUCT FEATURE EVENT ACTIVITY ELIGIBILITY; PRODUCT FEATURE GROUP; PRODUCT FEATURE LEEWAY; PRODUCT FEATURE LOCATOR; PRODUCT FEATURE LOCATOR TYPE; PRODUCT FEATURE OCCUPATION ELIGIBILITY; PRODUCT FEATURE PARTY; PRODUCT FEATURE PARTY ROLE TYPE; PRODUCT FEATURE RELATED; PRODUCT FEATURE RISK ELIGIBILITY RULE; PRODUCT FEATURE SCORE MODEL ELIGIBILITY; PRODUCT FEATURE STATUS; PRODUCT FEATURE STATUS TYPE; PRODUCT FEATURE TYPE; PRODUCT GROUP; PRODUCT GROUP METRIC; PRODUCT GROUP METRIC TYPE; PRODUCT GROUP PARTY; PRODUCT GROUP REASON TYPE; PRODUCT GROUP RISK GRADE; PRODUCT IDENTIFICATION; PRODUCT IDENTIFICATION SUBTYPE; PRODUCT IDENTIFICATION TYPE; PRODUCT LOCATOR; PRODUCT MARKET SEGMENT; PRODUCT MATURITY SUBTYPE; PRODUCT METRIC; PRODUCT METRIC TYPE; PRODUCT NAME; PRODUCT NAME TYPE; PRODUCT OCCUPATION ELIGIBILITY; PRODUCT PACKAGE; PRODUCT PACKAGE FEATURE; PRODUCT PACKAGE FEATURE LEEWAY; PRODUCT PACKAGE FEATURE RELATED; PRODUCT PACKAGE PARTY; PRODUCT PACKAGE TYPE; PRODUCT PARTY; PRODUCT PARTY GROUP; PRODUCT PARTY GROUP ELIGIBILITY; PRODUCT PARTY NAME; PRODUCT PARTY ROLE TYPE; PRODUCT PARTY STATUS; PRODUCT PARTY STATUS TYPE; PRODUCT PAYMENT OPTION; PRODUCT PROFIT; PRODUCT RELATED; PRODUCT RELATIONSHIP TYPE; PRODUCT REVENUE; PRODUCT RISK GRADE; PRODUCT RISK GRADE ELIGIBILITY RULE; PRODUCT RISK GRADE RELATED; PRODUCT SCORE; PRODUCT SCORE MODEL ELIGIBILITY; PRODUCT STATUS; PRODUCT STATUS TYPE; PRODUCT SUBTYPE; PRODUCT TAX STATUS; PRODUCT TO AGREEMENT CLASS VALUE; PRODUCT TO PRODUCT GROUP; PRODUCT TO PRODUCT GROUP ROLE TYPE; PRODUCT TO PRODUCT IDENTIFIER; PROFIT COMPONENT TYPE; QUANTITY FEATURE; RATE FEATURE; RATE FEATURE TYPE; SECONDARY FEATURE; SERVICE FEATURE; TERM FEATURE; VARIABLE INTEREST RATE FEATURE; YIELD CURVE POINT"
"Investment - Agreement","121","AGREEMENT MARGIN HISTORY; AGREEMENT PORTFOLIO; AGREEMENT PORTFOLIO RELATIONSHIP TYPE; APPLICATION INVESTMENT DETAIL; BARRIER OPTION AGREEMENT; BARRIER OPTION TYPE; CASH SETTLEMENT; COLLATERALIZED DEBT OBLIGATION; COMMERCIAL PAPER TYPE; COMMODITY SWAP; COMMODITY TIME BAND SCHEME; CONTRACT SETTLEMENT TYPE; CREDIT DEFAULT SWAP; CREDIT DERIVATIVE AGREEMENT; CREDIT DERIVATIVE SUBTYPE; CREDIT EVENT TYPE; CREDIT LINKED NOTE; CURRENCY EXCHANGE RISK FACTOR; CURRENCY FORWARD; CURRENCY POSITION METRIC; CURRENCY SWAP; DERIVATIVE AGREEMENT; DERIVATIVE SUBTYPE; DIFFERENTIAL SWAP; EQUITY BASEL TYPE; EQUITY HOLDING SUMMARY; EQUITY NETTED GROUP RISK; EQUITY RISK NETTED GROUP; EXTERNAL MARGIN AGREEMENT; FIXED FIXED INTEREST RATE SWAP; FIXED FLOATING INTEREST RATE SWAP; FLOAT FLOAT INTEREST RATE SWAP; FORWARD CONTRACT; FORWARD RATE AGREEMENT; FORWARD SUBTYPE; FUTURES AGREEMENT; GENERAL MARKET RISK CHARGE TYPE; HOLDING VALUE AT RISK; HORIZONTAL DISALLOWANCE PARAMETER; INSTRUMENT METRIC TYPE CALCULATION; INTEREST RATE RISK CALCULATION; INTEREST RATE SWAP; INTEREST RATE SWAP SUBTYPE; INVESTMENT AGREEMENT; INVESTMENT AGREEMENT ALLOCATION; INVESTMENT AGREEMENT SUMMARY; INVESTMENT HOLDING; INVESTMENT HOLDING STATEMENT; INVESTMENT HOLDING STATEMENT METRIC; INVESTMENT PORTFOLIO POSITION SUMMARY; INVESTMENT POSITION; INVESTMENT POSITION SPECIFIC; INVESTMENT PURPOSE TYPE; INVESTMENT STATEMENT LINE ITEM; INVESTMENT STATEMENT LINE ITEM METRIC; INVESTMENT SUBTYPE; INVESTMENT VALUE TYPE; MARGIN AGREEMENT; MARKET RISK DERIVATIVE TREATMENT PARAMETER; MARKET RISK HORIZONTAL DISALLOWANCE CALCULATION; MARKET RISK NATIONAL MARKET GROUP; NETTED MARKET RISK GROUP; NETTED MARKET RISK GROUP TYPE; OPTION AGREEMENT; OPTION PUT CALL TYPE; OVERNIGHT INDEX SWAP; PARTY PORTFOLIO; PHYSICAL DELIVERY; PORTFOLIO; PORTFOLIO COLLATERAL ITEM; PORTFOLIO INVESTMENT ALLOCATION; PORTFOLIO METRIC TYPE; PORTFOLIO PRODUCT AGREEMENT HOLDING; PORTFOLIO PRODUCT AGREEMENT HOLDING QUANTITY; PORTFOLIO PRODUCT AGREEMENT HOLDING VALUE; PORTFOLIO PRODUCT HOLDING; PORTFOLIO PRODUCT HOLDING VALUE; PORTFOLIO PRODUCT MARGIN DETAIL; PORTFOLIO PRODUCT QUANTITY; PORTFOLIO VALUE AT RISK; POSITION FX METRIC; POSITION TYPE; PURCHASE INTENT TYPE; REAL ESTATE INVESTMENT TRUST; REFERENCE RATE TYPE; REGULATORY INVESTMENT TYPE; REIT DIVIDEND SCHEDULE; REPURCHASE AGREEMENT; REPURCHASE AGREEMENT TYPE; REPURCHASE TRADING BASIS TYPE; SECURITIES ORIGINATION; SETTLEMENT LOCATOR ROLE TYPE; STOCK BOND HOLDING; STRESS TEST AGREEMENT GROUP; STRESS TEST CALCULATION SCENARIO; STRESS TEST CRITERION; STRESS TEST RESULT; STRESS TEST TYPE; SWAP AGREEMENT; SWAP AGREEMENT LEG; SWAP DIRECTION TYPE; SWAP LEG AGREEMENT EVENT; SWAP LEG AMORTIZATION SCHEDULE; SWAP LEG CALL SCHEDULE; SWAP LEG CASH FLOW FEATURE; SWAP LEG PAYMENT SCHEDULE; SWAP LEG PROJECTED CASH FLOW; SWAP LEG RESET SCHEDULE; SWAP LEG TYPE; SWAP OBLIGATION SUBTYPE; SWAP PAYMENT TYPE; TOTAL RATE OF RETURN SWAP; TRADE SETTLEMENT AGREEMENT; TRADE SETTLEMENT INSTRUCTION; TRADE SETTLEMENT INSTRUCTION LOCATOR; UNSETTLED TRADE PARAMETER; VALUE AT RISK BACKTEST PARAMETER; VOLATILITY RISK CALCULATION; YIELD CURVE MATURITY RISK FACTOR; YIELD CURVE MATURITY SEGMENT TYPE; YIELD TO MATURITY PARAMETER"
"Investment - Event","52","AGREEMENT PORTFOLIO EVENT; BOND REDEMPTION; BOND TO EQUITY CONVERSION; CASH DIVIDEND EVENT; CUSTOMER PORTFOLIO EVENT; DEBT ISSUE DEFAULT; DEBT PRINCIPAL REPAYMENT; DIVIDEND DECLARE EVENT; DIVIDEND TYPE; DOMESTIC FOREIGN TYPE; EXCHANGE DELISTING; EXCHANGE DELISTING REASON TYPE; FIXED INCOME INTEREST PAYMENT; FOREIGN EXCHANGE EVENT; INVESTMENT CORPORATE ACTION; INVESTMENT EVENT SUBTYPE; INVESTMENT PRODUCT EVENT; INVESTMENT PRODUCT EXTERNAL EVENT SUBTYPE; INVESTMENT PRODUCT TRADING SUSPENSION; MARK TO MARKET; MERGER; OPTION EXERCISE; RIGHTS ISSUE; SETTLEMENT DELIVERY TYPE; SETTLEMENT PARTY ROLE TYPE; SHARE REPURCHASE; SPLIT SETTLEMENT TYPE; STOCK DIVIDEND EVENT; STOCK SPLIT; TAX LOT; TAX LOT EVENT; TAX LOT METRIC; TAX LOT METRIC TYPE; TENDER OFFER; TRADE EVENT SETTLE INSTRUCTION; TRADE EVENT SETTLE LOCATOR; TRADE EVENT SETTLE PARTY; TRADE EXECUTION; TRADE EXECUTION STATUS TYPE; TRADE METHOD TYPE; TRADE ORDER; TRADE ORDER CATEGORY TYPE; TRADE ORDER STATUS; TRADE ORDER STATUS TYPE; TRADE ORDER TYPE; TRADE PURPOSE TYPE; TRADE SETTLE BOOK DELIVERY; TRADE SETTLE FOREIGN DELIVERY; TRADE SETTLE PHYSICAL DELIVERY; UNIT DISTRIBUTION EVENT; UNIT DISTRIBUTION TYPE; WARRANT OFFER"
"Investment - Party","20","BROKER BUSINESS TYPE; CUSTODIAN BUSINESS TYPE; DEALER BUSINESS TYPE; EXCHANGE; GOVERNMENT SPONSORED ENTITY; INTERDEALER BROKER BUSINESS TYPE; INTERNAL MODEL APPROACH SUMMARY; INVESTMENT GRADE PARAMETER; INVESTMENT OBJECTIVE TYPE; INVESTMENT RISK TOLERANCE TYPE; MARKET DATA PROVIDER BUSINESS TYPE; MARKET MAKER BUSINESS TYPE; PARTY INVESTMENT OBJECTIVE; PARTY INVESTMENT RISK TOLERANCE; PARTY PORTFOLIO ROLE TYPE; PENSION PLAN ORGANIZATION; PRIVATE FOUNDATION; PRIVATE INVESTMENT FUND MANAGER; REGISTRAR BUSINESS TYPE; SOVEREIGN WEALTH FUND MANAGER"
"Investment - Product","129","AMERICAN DEPOSITORY RECEIPT; AMERICAN EXERCISE OPTION; ASIAN OPTION TYPE; ASSET BACKED SECURITY PRINCIPAL; ASSET BACKED SECURITY PRODUCT; ASSET BACKED SECURITY TYPE; AVERAGE PRICE OPTION; AVERAGE STRIKE OPTION; BANKERS ACCEPTANCE; BARRIER OPTION PRODUCT; BERMUDA EXERCISE OPTION; BERMUDA EXERCISE SCHEDULE; BEST OF OPTION; BINARY OPTION; BOND AMORTIZATION SCHEDULE; BOND CALL SCHEDULE; BOND CALL TYPE; BOND CONVERSION SCHEDULE; BOND CONVERSION STYLE TYPE; BOND DELIVERY FORM TYPE; BOND FIXED INTEREST RATE; BOND FLOATING INTEREST RATE; BOND FUTURES; BOND INTEREST PAY AT MATURITY; BOND ISSUE PURPOSE TYPE; BOND PAYMENT SCHEDULE; BOND PUT SCHEDULE; BOND SUBTYPE; CALENDAR SPREAD OPTION; CAP AND FLOOR OPTION; CHOOSER OPTION; CLIQUET OPTION; COLLATERALIZED MORTGAGE OBLIGATION; COMMERCIAL PAPER; COMMODITY; COMMODITY FUTURES; COMMODITY TYPE; COMMON STOCK; CONTINGENT OPTION; CONVERTIBLE BOND; CORPORATE BOND; CORPORATE BOND TYPE; CREDIT DERIVATIVE PRODUCT; CUMULATIVE PREFERRED STOCK; CURRENCY PRODUCT; CURRENCY PRODUCT PAIR; CURRENCY RISK FACTOR; CUSIP PRODUCT IDENTIFIER; EQUITY FUTURES; EQUITY FUTURES DIVIDEND SCHEDULE; EUROCURRENCY FUTURES; EUROPEAN EXERCISE OPTION; EXCHANGE LISTED PRODUCT RELATED; EXCHANGE PRODUCT; FINANCIAL INSTRUMENT GROUP; FLOATING RATE NOTE; FOREIGN EXCHANGE METRIC; FOREIGN EXCHANGE POINT; FOREIGN EXCHANGE POINT TENOR TYPE; FORWARD START OPTION; FUND TYPE; FUTURE TYPE; FUTURES CONTRACT PRODUCT; INTEREST INDEX PRODUCT; INTEREST ONLY STRIP; INTEREST RATE QUOTATION; INTEREST RATE SUBTYPE; INVESTMENT PRODUCT; INVESTMENT PRODUCT GROUP RISK FACTOR; INVESTMENT PRODUCT RISK FACTOR; INVESTMENT PRODUCT RISK METRIC; INVESTMENT PRODUCT SUBTYPE; INVESTMENT PRODUCT TRADE SUBTYPE; INVESTMENT SECURITY RISK GRADE; INVESTMENT SERVICE; INVESTMENT SERVICE SUBTYPE; ISIN PRODUCT IDENTIFIER; LISTED PRODUCT RELATED ROLE TYPE; LOOKBACK OPTION; MARKET INDEX; MARKET INDEX VALUE; MARKET QUOTATION; MARKET QUOTATION METRIC; MARKET QUOTATION METRIC TYPE; MARKET QUOTATION TIME PERIOD METRIC; MEDIUM TERM NOTE; MONEY MARKET PRODUCT; MONEY MARKET PRODUCT TYPE; MORTGAGE BACKED SECURITY; MUNICIPAL BOND; NEGOTIABLE CERTIFICATE OF DEPOSIT; NONTRADED INVESTMENT PRODUCT; NSIN PRODUCT IDENTIFIER; NUMBER CHANGE REASON TYPE; OPTION EXERCISE TYPE; OPTION PRODUCT; OPTION STYLE SUBTYPE; PAIRED SHARE; PARTICIPATING PREFERRED STOCK; PLANNED AMORTIZATION CLASS; PORTFOLIO PRODUCT TO COA; PREFERRED STOCK; PRODUCT COMPONENT SHARE; PRODUCT GROUP MARGIN; PRODUCT VALUE AT RISK; SECURITIES INDEX PRODUCT; SETTLEMENT PRODUCT REASON TYPE; SHOUT OPTION; SINKING FUND SCHEDULE; SPREAD OPTION; STOCK; STOCK HISTORY; STOCK ISSUE DETAIL; STOCK SHARE CLASS TYPE; STOCK TYPE; SUBSCRIPTION RIGHT; SUBSCRIPTION WARRANT; SWAP OPTION; SWAP PRODUCT; TARGETED AMORTIZATION CLASS; TRADE SETTLEMENT PRODUCT GROUP; TRADED INVESTMENT PRODUCT; TREASURY BILL; TREASURY BOND SUBTYPE; TREASURY INFLATION PROTECTED; TREASURY NOT INFLATION PROTECTED; TREASURY NOTE; WHISPER OPTION; Z BOND"
"Unassigned","357","ACCIDENT TYPE; ADJUDICATION AMOUNT TYPE; ADJUDICATION TYPE; AGENT APPLICATION DETAIL; AGENT BROKER AGREEMENT DETAIL; AGENT COMMISSION OPTION TYPE; AGENT PARTICIPATION TYPE; AGENT REPORT; AGREEMENT CLAIM; AGREEMENT CLAIM RELATIONSHIP TYPE; AGREEMENT COVERAGE EVENT; AGREEMENT COVERAGE EVENT BASE TYPE; AGREEMENT COVERAGE EVENT CATEGORY; AGREEMENT COVERAGE EVENT TYPE; AGREEMENT INSURANCE RISK CATEGORY; AGREEMENT INSURED ASSET; AGREEMENT INSURED ASSET FEATURE; AGREEMENT INSURED ASSET FEATURE RELATED; AGREEMENT INSURED PARTY; ANCHOR; APPLICATION INSURANCE RISK CATEGORY; APPLICATION INSURED ASSET; APPLICATION UNDERWRITE EXCEPTION; APPLICATION UNDERWRITE REQUIREMENT; APPLICATION UNDERWRITE REQUIREMENT STATUS; APPLICATION UNDERWRITE REQUIREMENT TEXT; APPLICATION WEB EVENT; ASIAN OPTION; ASSET INSURABLE INTEREST; ASSET INSURANCE RISK FACTOR; ASSET SUBJECT AREA; AUTHORIZATION APPROVAL TYPE; AVAILABLE COVERAGES; BENEFIT RULE TYPE; BINARY LARGE OBJECT; BYTEINT; CALENDAR; CHANGED UNEARNED PREMIUM RESERVE ACCOUNT; CHARACTER LARGE OBJECT; CHILD DELETE CASCADE; CHILD DELETE NO ACTION; CHILD DELETE RESTRICT; CHILD DELETE SET DEFAULT; CHILD DELETE SET NULL; CHILD INSERT CASCADE; CHILD INSERT NO ACTION; CHILD INSERT RESTRICT; CHILD INSERT SET DEFAULT; CHILD INSERT SET NULL; CHILD UPDATE CASCADE; CHILD UPDATE NO ACTION; CHILD UPDATE RESTRICT; CHILD UPDATE SET DEFAULT; CHILD UPDATE SET NULL; CLAIM; CLAIM ADJUDICATION; CLAIM ADJUDICATION AMOUNT; CLAIM AMOUNT; CLAIM AMOUNT TYPE; CLAIM ASSET; CLAIM ASSET RELATIONSHIP TYPE; CLAIM AUTHORIZATION; CLAIM AUTHORIZATION AMOUNT; CLAIM AUTHORIZATION AMOUNT TYPE; CLAIM AUTHORIZATION DIAGNOSIS CODE; CLAIM AUTHORIZATION END REASON TYPE; CLAIM AUTHORIZATION EVENT; CLAIM AUTHORIZATION EVENT ROLE; CLAIM AUTHORIZATION FEATURE; CLAIM AUTHORIZATION RELATED; CLAIM AUTHORIZATION RELATIONSHIP TYPE; CLAIM AUTHORIZATION TYPE; CLAIM CATEGORY TYPE; CLAIM CLAIM AUTHORIZATION; CLAIM CLAIM GROUP; CLAIM COST RECOVERY; CLAIM COVERAGE; CLAIM COVERAGE ADJUDICATION; CLAIM COVERAGE ADJUDICATION AMOUNT; CLAIM COVERAGE AMOUNT; CLAIM COVERAGE COST RECOVERY; CLAIM COVERAGE INSURABLE INTEREST; CLAIM COVERAGE INSURABLE INTEREST AMOUNT; CLAIM COVERAGE INSURABLE INTEREST REINSURANCE; CLAIM COVERAGE SCORE; CLAIM COVERAGE STATUS; CLAIM COVERAGE TEXT; CLAIM DATE; CLAIM DATE TYPE; CLAIM DIAGNOSIS CODE; CLAIM DOCUMENT; CLAIM EVENT; CLAIM EVENT ROLE; CLAIM GROUP; CLAIM GROUP TYPE; CLAIM INSURABLE INTEREST; CLAIM INSURABLE INTEREST TYPE; CLAIM LOCATOR; CLAIM LOCATOR ROLE; CLAIM MANAGEMENT AUTHORITY TYPE; CLAIM MEDIA TYPE; CLAIM MOTOR VEHICLE; CLAIM OBLIGATION TYPE; CLAIM PAYMENT TYPE; CLAIM PERIL; CLAIM PRICING RULE TYPE; CLAIM PROVIDER SURVEY RESPONSE; CLAIM REINSURANCE AMOUNT; CLAIM RELATED; CLAIM RELATIONSHIP TYPE; CLAIM SCORE; CLAIM SERVICE; CLAIM SERVICE ADJUDICATION; CLAIM SERVICE ADJUDICATION AMOUNT; CLAIM SERVICE AMOUNT; CLAIM SERVICE ASSET; CLAIM SERVICE COST RECOVERY; CLAIM SERVICE COVERAGE; CLAIM SERVICE COVERAGE AMOUNT; CLAIM SERVICE DATE; CLAIM SERVICE DATE TYPE; CLAIM SERVICE DIAGNOSIS CODE; CLAIM SERVICE FEATURE STATUS; CLAIM SERVICE SCORE; CLAIM SERVICE STATUS REASON TYPE; CLAIM SERVICE STATUS TYPE; CLAIM SERVICE TEXT; CLAIM STATUS; CLAIM STATUS REASON TYPE; CLAIM STATUS TYPE; CLAIM SUBMITTAL TYPE; CLAIM SUBMITTING PARTY; CLAIM SUBSCRIBING PARTY; CLAIM SURVEY RESPONSE; CLAIM TEXT; CLAIM TEXT TYPE; CLAIM THIRD PARTY; CLAIM TYPE; CLAIMANT INSURABLE INTEREST STATUS; CLAIMANT INSURABLE INTEREST STATUS TYPE; COMMERCIAL INSURANCE POLICY; COMMISSION TYPE; COMPUTER; CONTRACT OR POSITION INSTRUMENTS; COST RECOVERY TYPE; COVERAGE FEATURE; CREDIT RATING; CUSTOM TRIGGER DEFAULT BODY; CUSTOM TRIGGER FOOTER; CUSTOM TRIGGER HEADER; CUSTOMER ADDRESS; CUSTOMER LINK TO ADDRESS; CUSTOMER NAME; CUSTOMER ROLE; DELETE FOOTER; DELETE HEADER; DIAGNOSIS CLASSIFICATION TYPE; DIAGNOSIS CODE; DIAGNOSTIC CODE LEVEL TYPE; DRIVERS LICENSE REVOKE REASON; EARNED PREMIUM ACCOUNT; EQUITY SUBJECT AREA; EXPENSE SUBJECT AREA; FAMILY HEALTH CONDITION; FAMILY MEDICAL HISTORY; FEATURE UNIFIED COVERAGE; FINANCIAL INSTRUMENT; GENERAL LEDGER ACCOUNT SUBJECT AREA; GENERAL MEDICAL STATUS TYPE; GL BALANCE SUBJECT AREA; GL PRODUCT SEGMENT SUBJECT AREA; GL SUB ACCOUNT SUBJECT AREA; GLOBE; GROUP INSURANCE POLICY; GROUP MEMBER INSURANCE; HEALTH CONDITION TYPE; HEALTH PROVIDER BUSINESS TYPE; HEALTH PROVIDER TYPE; HOLDING; HOLDING OF AN INSTRUMENT; IMAGE; INCIDENT; INCIDENT PERIL TYPE; INDIVIDUAL HEALTH CONDITION; INDIVIDUAL INSURANCE POLICY; INDIVIDUAL MEDICAL HISTORY; INSERT FOOTER; INSERT HEADER; INSTRUMENT; INSURABLE INTEREST; INSURABLE INTEREST CATEGORY; INSURABLE INTEREST EXPOSURE TYPE; INSURABLE INTEREST METRIC; INSURABLE INTEREST METRIC TYPE; INSURABLE INTEREST TO EXPOSURE TYPE; INSURANCE AGENCY; INSURANCE AGENT; INSURANCE AGENT BUSINESS TYPE; INSURANCE AGENT TYPE; INSURANCE AGREEMENT; INSURANCE AGREEMENT HISTORY; INSURANCE AGREEMENT LINE OF BUSINESS; INSURANCE AGREEMENT STATUS TYPE; INSURANCE AGREEMENT SUBTYPE; INSURANCE AGREEMENT TYPE; INSURANCE BUSINESS TYPE; INSURANCE CLAIM CASE; INSURANCE COMPANY; INSURANCE LINE OF BUSINESS METRIC; INSURANCE LINE OF BUSINESS TYPE; INSURANCE METRIC TYPE; INSURANCE POOL; INSURANCE PRODUCT; INSURANCE PROVIDER; INSURANCE QUOTATION; INSURANCE RISK CATEGORY; INSURANCE RISK FACTOR RELATED; INSURANCE RISK FACTOR RELATIONSHIP TYPE; INSURANCE RISK FACTOR RISK CATEGORY; INSURANCE RISK FACTOR TYPE; INSURANCE RISK UNDERWRITE CLASS; INSURANCE STATUS REASON TYPE; INSURANCE TYPE; INSURED ASSET UNDERWRITE CLASS; INSURED PARTY APPLICATION; INSURED PARTY UNDERWRITE CLASS; INSURED PROVIDER SELECTION; INTERNAL ASSET SUBJECT AREA; INTERNAL CLAIM ADJUDICATION; INVESTMENT POOL; JOURNAL ENTRY SUBJECT AREA; JOURNEY POINT; LEVEL OF SERVICE; LIABILITIES SUBJECT AREA; LIFE INSURANCE POLICY; LIFE LINE AGREEMENT; LIFE LINE QUOTATION; LIFE LINE STRATEGY TYPE; LINE OF BUSINESS CLASSIFICATION SCHEME; LINE OF BUSINESS PARTY METRIC; LINE OF BUSINESS RISK SCENARIO METRIC; LOCATOR PERIL TYPE METRIC; LOGICAL ONLY; LOSS ADJUSTED EXPENSE ACCOUNT; LOSS ADJUSTED RESERVE ACCOUNT; MAGNIFY; MARKET FEED; MONEY; NAICS; NAICS CODE; NAICS ID; NAMED INSURED; NAMED INSUREDS; NOT YET UPDATED FOR NEW SUBTYPING; NOTEPAD; PARENT DELETE CASCADE; PARENT DELETE NO ACTION; PARENT DELETE RESTRICT; PARENT DELETE SET DEFAULT; PARENT DELETE SET NULL; PARENT INSERT CASCADE; PARENT INSERT NO ACTION; PARENT INSERT RESTRICT; PARENT INSERT SET DEFAULT; PARENT INSERT SET NULL; PARENT UPDATE CASCADE; PARENT UPDATE NO ACTION; PARENT UPDATE RESTRICT; PARENT UPDATE SET DEFAULT; PARENT UPDATE SET NULL; PARTY AGREEMENT ASSET; PARTY ASSET JUNK TITLE; PARTY ASSET SALVAGE SUMMARY; PARTY ASSET SALVAGE TITLE; PARTY AUTOMOBILE DRIVING HISTORY; PARTY CLAIM; PARTY CLAIM AMOUNT; PARTY CLAIM AUTHORIZATION; PARTY CLAIM AUTHORIZATION ROLE TYPE; PARTY CLAIM INSURABLE INTEREST; PARTY CLAIM ROLE TYPE; PARTY CLAIM SERVICE; PARTY CLAIM SERVICE AMOUNT; PARTY CLAIM SERVICE DIAGNOSIS AMOUNT; PARTY DRIVING LICENSE; PARTY DRIVING LICENSE HISTORY; PARTY INSURABLE INTEREST; PARTY INSURABLE INTEREST EVENT; PARTY INSURANCE RISK CATEGORY; PARTY INSURANCE RISK FACTOR; PAYMENT MODE; PERIL ORIGIN TYPE; PERIL TYPE; PHONE; PIECHART; POLICIES IN THE POOL; POLICY; POLICY ASSET COVERAGE METRIC; POLICY COVERAGE METRIC; POLICY HOLDER FUND ACCOUNT; POLICY INSURABLE COVERAGE; POLICY INSURABLE COVERAGE METRIC; POLICY INSURABLE INTEREST; POLICY INSURABLE INTEREST FEATURE RELATED; POLICY INSURABLE INTEREST ROLE; POLICY METRIC; POLICY METRIC CHANGE HISTORY; POLICY PARTY COVERAGE METRIC; POLICY RENEWAL PERIOD; PREMIUM BALANCE RECEIVABLE; PREMIUM WRITTEN ACCOUNT; PRODUCT FEATURE EXCLUSION; PROPERTY CASUALTY AGREEMENT; PUBLIC; QUANTITY OF HOLDING OVER TIME; QUOTATION INSURED ASSET; RAISE EXCEPTION PROC; REINSURANCE AGREEMENT; REINSURANCE AGREEMENT RESTRICTION; REINSURANCE COMPANY; REINSURANCE CONTRACT TYPE; REINSURANCE PLAN TYPE; REINSURANCE RESTRICT ROLE TYPE; REINSURANCE TRIGGER TYPE; REINSURANCE UNDERLYING COVERAGE; REINSURED RISK; REVENUE ACCOUNT SUBJECT AREA; SECURITY MASTER STANDARD PRODUCTS; SESSION; SETTLEMENT ACCOUNT DETAILS; SPATIAL; SUBROGATION; SUBROGATION ELIGIBILITY REASON TYPE; SUBROGATION ELIGIBLE TYPE; SYSUDTLIB; TIME PERIOD SUBJECT AREA; TRIGGER DELETE FOOTER; TRIGGER DELETE HEADER; TRIGGER INSERT FOOTER; TRIGGER INSERT HEADER; TRIGGER UPDATE FOOTER; TRIGGER UPDATE HEADER; UNDERWRITE CLASS; UNDERWRITER PARTY APPLICATION; UNDERWRITING AUTHORITY TYPE; UNDERWRITING EXPENSE ACCOUNT; UNDERWRITING REQUIREMENT TYPE; UNDERWRITING STATUS TYPE; UNEARNED PREMIUM RESERVE ACCOUNT; UNIFIED COVERAGE; UNIFIED COVERAGE CATEGORY; UNPAID CLAIM ACCOUNT; UPDATE FOOTER; UPDATE HEADER; VEHICLE MONITORING DEVICE; VIDEO; XPKFINANCIAL AGREEMENT EVENT"
