FSDM_Entity,Subject_Area,Capabilities_Supported,Reuse_Score,Priority_Tier
INDIVIDUAL,Party Management,101,0.902,P1-Critical
ORGANIZATION,Party Management,99,0.884,P1-Critical
PARTY_PREFERENCE,Unknown,97,0.866,P1-Critical
PARTY_CLASSIFICATION,Unknown,96,0.857,P1-Critical
PARTY_SEGMENT,Party Management,95,0.848,P1-Critical
PARTY_CLASSIFICATION_VALUE,Unknown,95,0.848,P1-Critical
POSTAL_ADDRESS,Unknown,95,0.848,P1-Critical
AGREEMENT,Agreement/Account,92,0.821,P1-Critical
AGREEMENT_SUMMARY,Agreement/Account,91,0.812,P1-Critical
PARTY_DEMOGRAPHIC,Party Management,91,0.812,P1-Critical
AGREEMENT_STATUS,Agreement/Account,88,0.786,P1-Critical
AGREEMENT_STATUS_HISTORY,Unknown,87,0.777,P1-Critical
PARTY_AGREEMENT_ROLE,Party Management,86,0.768,P1-Critical
AGREEMENT_PARTY_ROLE,Unknown,86,0.768,P1-Critical
AGREEMENT_RELATIONSHIP,Unknown,86,0.768,P1-Critical
LOAN_TERM_AGREEMENT,Agreement/Account,86,0.768,P1-Critical
INSURANCE_AGREEMENT,Agreement/Account,84,0.75,P1-Critical
PARTY,Party Management,82,0.732,P1-Critical
PARTY_IDENTIFICATION,Party Management,82,0.732,P1-Critical
DEPOSIT_AGREEMENT,Agreement/Account,82,0.732,P1-Critical
CREDIT_CARD_AGREEMENT,Agreement/Account,82,0.732,P1-Critical
INTERNAL_ORGANIZATION_UNIT,Unknown,82,0.732,P1-Critical
HOUSEHOLD,Party Management,81,0.723,P1-Critical
PARTY_RELATIONSHIP,Unknown,81,0.723,P1-Critical
AGREEMENT_TERM,Unknown,79,0.705,P1-Critical
BALANCE_SUMMARY,Unknown,77,0.688,P1-Critical
AGREEMENT_BALANCE,Unknown,77,0.688,P1-Critical
DOCUMENT,Other,77,0.688,P1-Critical
AGREEMENT_RISK_METRIC,Agreement/Account,77,0.688,P1-Critical
ORGANIZATION_UNIT_RELATIONSHIP,Unknown,76,0.679,P1-Critical
ORGANIZATION_BUSINESS_TYPE,Party Management,76,0.679,P1-Critical
GEOGRAPHICAL_AREA,Other,75,0.67,P1-Critical
GEOGRAPHICAL_UNIT,Unknown,75,0.67,P1-Critical
SITE,Other,75,0.67,P1-Critical
MONETARY_TRANSACTION,Unknown,74,0.661,P1-Critical
ELECTRONIC_ADDRESS,Location/Geography,74,0.661,P1-Critical
AGREEMENT_REPRICING_SCHEDULE,Unknown,74,0.661,P1-Critical
DIRECT_CONTACT_EVENT,Party Management,74,0.661,P1-Critical
SURVEY,Unknown,74,0.661,P1-Critical
CHANNEL_INSTANCE,Channel Management,72,0.643,P1-Critical
ANALYTICAL_MODEL,Other,72,0.643,P1-Critical
MODEL_RUN,Other,72,0.643,P1-Critical
TRANSACTION_TYPE,Unknown,71,0.634,P1-Critical
FINANCIAL_TRANSACTION,Unknown,71,0.634,P1-Critical
PAYMENT,Unknown,71,0.634,P1-Critical
CAMPAIGN_RESPONSE,Unknown,71,0.634,P1-Critical
LOSS_EVENT,Unknown,71,0.634,P1-Critical
DEFAULT_EVENT,Unknown,70,0.625,P1-Critical
LIMIT_BREACH_EVENT,Unknown,70,0.625,P1-Critical
CAMPAIGN_OFFER_RESPONSE,Unknown,70,0.625,P1-Critical
PROVISION,Unknown,70,0.625,P1-Critical
WRITE_OFF,Unknown,70,0.625,P1-Critical
MARKET_INDEX,Investment Management,70,0.625,P1-Critical
SURVEY_QUESTION_RESPONSE,Campaign/Marketing,69,0.616,P2-High
RISK_GRADE_SCHEME,Risk Management,69,0.616,P2-High
RISK_GRADE_VALUE,Risk Management,69,0.616,P2-High
APPLICATION,Other,67,0.598,P2-High
INVESTMENT_PRODUCT_PRICE,Unknown,67,0.598,P2-High
AGREEMENT_REPAYMENT_SCHEDULE,Unknown,67,0.598,P2-High
AGREEMENT_CONDITION,Unknown,67,0.598,P2-High
RISK_EXPOSURE,Unknown,67,0.598,P2-High
CREDIT_RISK_SUMMARY,Agreement/Account,67,0.598,P2-High
MARKET_INDEX_VALUE,Investment Management,67,0.598,P2-High
AGREEMENT_LIMIT,Agreement/Account,66,0.589,P2-High
LIMIT,Unknown,66,0.589,P2-High
PARTY_LIMIT,Party Management,66,0.589,P2-High
CLAIM,Claims Management,64,0.571,P2-High
CLAIM_STATUS,Claims Management,64,0.571,P2-High
CLAIM_PARTY_ROLE,Unknown,64,0.571,P2-High
CLAIM_PAYMENT,Unknown,64,0.571,P2-High
PARTY_LIABILITY_CREDIT_RATING,Party Management,63,0.562,P2-High
CURRENCY,Reference Data,63,0.562,P2-High
CURRENCY_EXCHANGE_RATE,Unknown,63,0.562,P2-High
CURRENCY_PAIR,Unknown,63,0.562,P2-High
TRADE_ORDER,Investment Management,62,0.554,P2-High
TRADE_EXECUTION,Investment Management,62,0.554,P2-High
TRADING_POSITION,Unknown,62,0.554,P2-High
AGREEMENT_VALUATION,Unknown,62,0.554,P2-High
PARTY_CONTACT_POINT,Unknown,61,0.545,P2-High
INVESTMENT_PRODUCT,Product Management,61,0.545,P2-High
COLLATERAL_VALUATION,Unknown,61,0.545,P2-High
PARTY_ASSET,Party Management,61,0.545,P2-High
WEB_VISIT,Web Analytics,60,0.536,P2-High
AGREEMENT_FEATURE,Agreement/Account,59,0.527,P2-High
FEATURE,Product Management,59,0.527,P2-High
DESCRIPTIVE_FEATURE,Product Management,59,0.527,P2-High
BRANCH_VISIT_EVENT,Unknown,59,0.527,P2-High
CALL_EVENT,Unknown,59,0.527,P2-High
WEB_PAGE_VIEW,Web Analytics,59,0.527,P2-High
ONLINE_INTERACTION_EVENT,Unknown,59,0.527,P2-High
EXTENDED_SESSION_INFORMATION,Web Analytics,59,0.527,P2-High
ONLINE_APPLICATION_ACCESS,Channel Management,59,0.527,P2-High
PARTY_DOCUMENT,Party Management,59,0.527,P2-High
PARTY_SURVEY_RESPONSE,Party Management,58,0.518,P2-High
APPLICATION_STATUS,Other,57,0.509,P2-High
APPLICATION_PARTY_ROLE,Unknown,57,0.509,P2-High
MODEL_SCORE,Unknown,57,0.509,P2-High
COLLATERAL_AGREEMENT,Agreement/Account,57,0.509,P2-High
COLLATERAL,Unknown,57,0.509,P2-High
CORRESPONDENCE_EVENT,Unknown,56,0.5,P2-High
SMS_EVENT,Unknown,56,0.5,P2-High
EMAIL_EVENT,Unknown,56,0.5,P2-High
MOBILE_APP_EVENT,Unknown,56,0.5,P2-High
INSURANCE_COVERAGE,Unknown,56,0.5,P2-High
COVERAGE_TYPE,Unknown,56,0.5,P2-High
PARTY_MARKETING_PREFERENCE,Unknown,55,0.491,P2-High
PARTY_CONSENT,Unknown,55,0.491,P2-High
CASE,Unknown,54,0.482,P2-High
CASE_EVENT,Event Management,54,0.482,P2-High
CASE_PARTY_ROLE,Unknown,54,0.482,P2-High
FRAUD_CASE,Unknown,54,0.482,P2-High
EVENT,Event Management,53,0.473,P2-High
CHANNEL_USAGE_METRIC,Unknown,52,0.464,P2-High
CAMPAIGN,Campaign/Marketing,52,0.464,P2-High
CAMPAIGN_WAVE,Unknown,52,0.464,P2-High
SERVICE_USAGE_EVENT,Unknown,51,0.455,P2-High
CHANNEL_TYPE,Channel Management,51,0.455,P2-High
CHANNEL_CLASSIFICATION,Unknown,51,0.455,P2-High
FEE_TRANSACTION,Unknown,50,0.446,P2-High
COMMISSION_TRANSACTION,Unknown,50,0.446,P2-High
AGREEMENT_FEE,Unknown,50,0.446,P2-High
FIXED_ASSET,Asset Management,50,0.446,P2-High
REAL_PROPERTY,Unknown,50,0.446,P2-High
PARTY_ASSET_VALUATION,Unknown,50,0.446,P2-High
REAL_PROPERTY_VALUATION,Unknown,50,0.446,P2-High
COMPLAINT,Unknown,49,0.438,P2-High
COMPLAINT_STATUS,Unknown,49,0.438,P2-High
COMPLAINT_RESOLUTION,Unknown,49,0.438,P2-High
RISK_POLICY,Unknown,49,0.438,P2-High
BUSINESS_RULE,Unknown,49,0.438,P2-High
CREDIT_BUREAU_SCORE,Unknown,48,0.429,P2-High
PARTY_EXTERNAL_RATING,Unknown,48,0.429,P2-High
INVESTMENT_ACCOUNT,Unknown,48,0.429,P2-High
INVESTMENT_HOLDING,Investment Management,48,0.429,P2-High
PROCESS_EVENT,Unknown,46,0.411,P2-High
PARTY_COMPLIANCE_VERIFICATION,Unknown,45,0.402,P2-High
OPERATIONAL_EVENT,Unknown,45,0.402,P2-High
PARTY_LEGAL_ACTION,Party Management,45,0.402,P2-High
LEGAL_ACTION,Other,45,0.402,P2-High
PARTY_LITIGATION,Unknown,45,0.402,P2-High
RISK_CALCULATION_SCENARIO,Risk Management,45,0.402,P2-High
RISK_SCENARIO_RESULT,Unknown,45,0.402,P2-High
STRESS_TEST_RESULT,Risk Management,45,0.402,P2-High
DIGITAL_CONTENT,Unknown,44,0.393,P2-High
PARTY_IDENTITY_DOCUMENT,Unknown,43,0.384,P2-High
PRODUCT,Product Management,43,0.384,P2-High
DOCUMENT_TYPE,Other,43,0.384,P2-High
CAMPAIGN_TYPE,Campaign/Marketing,43,0.384,P2-High
CAMPAIGN_STATUS,Campaign/Marketing,43,0.384,P2-High
MODEL_PARAMETER,Unknown,43,0.384,P2-High
VISITOR_INTERACTION_EVENT,Event Management,42,0.375,P2-High
PARTY_CREDIT_BUREAU_REPORT,Unknown,42,0.375,P2-High
AD,Other,42,0.375,P2-High
AD_PLACEMENT,Campaign/Marketing,42,0.375,P2-High
AD_IMPRESSION,Unknown,42,0.375,P2-High
AD_CAMPAIGN_OBJECTIVE,Campaign/Marketing,42,0.375,P2-High
PERFORMANCE_METRIC,Unknown,41,0.366,P2-High
PERFORMANCE_TARGET,Unknown,41,0.366,P2-High
ORGANIZATION_PERFORMANCE,Unknown,41,0.366,P2-High
ASSOCIATE,Party Management,41,0.366,P2-High
ASSOCIATE_ASSIGNMENT,Unknown,41,0.366,P2-High
PARTY_MODEL_SCORE,Unknown,40,0.357,P2-High
SOCIAL_MEDIA_ACCOUNT,Unknown,39,0.348,P3-Medium
SOCIAL_MEDIA_TRANSFER,Financial Transaction,39,0.348,P3-Medium
SOCIAL_MEDIA_POST,Channel Management,39,0.348,P3-Medium
NON_MONETARY_EVENT,Unknown,39,0.348,P3-Medium
QUOTE,Unknown,39,0.348,P3-Medium
INTEREST_RATE,Unknown,39,0.348,P3-Medium
INTEREST_RATE_INDEX,Other,39,0.348,P3-Medium
INTERBANK_PAYMENT,Unknown,39,0.348,P3-Medium
AGREEMENT_PROFITABILITY,Unknown,38,0.339,P3-Medium
PRODUCT_PROFITABILITY,Unknown,38,0.339,P3-Medium
TEXT_CONTENT,Unknown,37,0.33,P3-Medium
GL_ACCOUNT,Unknown,37,0.33,P3-Medium
PRODUCT_INTEREST_RATE,Unknown,37,0.33,P3-Medium
GL_MAIN_ACCOUNT,Agreement/Account,36,0.321,P3-Medium
VENDOR,Other,36,0.321,P3-Medium
VENDOR_INVOICE,Unknown,36,0.321,P3-Medium
AGREEMENT_AMORTIZATION_SCHEDULE,Unknown,36,0.321,P3-Medium
MERCHANT,Unknown,34,0.304,P3-Medium
MERCHANT_CATEGORY,Unknown,34,0.304,P3-Medium
NEWS_FEED,Unknown,33,0.295,P3-Medium
PRODUCT_PRICING,Unknown,33,0.295,P3-Medium
PRODUCT_COST,Product Management,33,0.295,P3-Medium
ECONOMIC_INDEX,Unknown,33,0.295,P3-Medium
ECONOMIC_INDEX_VALUE,Unknown,33,0.295,P3-Medium
AGREEMENT_CASHFLOW,Unknown,32,0.286,P3-Medium
CASHFLOW_SCHEDULE,Unknown,32,0.286,P3-Medium
TELEPHONE_NUMBER,Party Management,31,0.277,P3-Medium
PRODUCT_VALUATION,Unknown,31,0.277,P3-Medium
PROSPECT,Unknown,30,0.268,P3-Medium
PARTY_LIST,Unknown,30,0.268,P3-Medium
PARTY_LIST_MEMBERSHIP,Unknown,30,0.268,P3-Medium
CORPORATE_ACTION,Unknown,29,0.259,P3-Medium
OPPORTUNITY,Campaign/Marketing,29,0.259,P3-Medium
OPPORTUNITY_STATUS,Campaign/Marketing,29,0.259,P3-Medium
OPPORTUNITY_PARTY_ROLE,Unknown,29,0.259,P3-Medium
ASSOCIATE_PERFORMANCE_REVIEW,Unknown,28,0.25,P3-Medium
WATCH_LIST,Other,25,0.223,P3-Medium
WATCH_LIST_ENTRY,Unknown,25,0.223,P3-Medium
PARTY_WATCH_LIST_CHECK,Unknown,25,0.223,P3-Medium
COMPLIANCE_EVENT,Unknown,24,0.214,P3-Medium
APPROVAL,Unknown,24,0.214,P3-Medium
BANK_CAPITAL_SUMMARY,Risk Management,24,0.214,P3-Medium
CAPITAL_REQUIREMENTS_SUMMARY,Risk Management,24,0.214,P3-Medium
BUDGET,Unknown,23,0.205,P3-Medium
FORECAST,Unknown,23,0.205,P3-Medium
FINANCIAL_PLAN,Other,23,0.205,P3-Medium
CAMPAIGN_COST,Campaign/Marketing,18,0.161,P4-Low
CAMPAIGN_BUDGET,Unknown,18,0.161,P4-Low
CALL_RECORDING,Unknown,17,0.152,P4-Low
CAMPAIGN_SCHEDULE,Unknown,17,0.152,P4-Low
OPERATIONAL_LOSS_EVENT,Unknown,16,0.143,P4-Low
OFFER,Campaign/Marketing,16,0.143,P4-Low
OFFER_TYPE,Campaign/Marketing,16,0.143,P4-Low
CAMPAIGN_OFFER,Unknown,16,0.143,P4-Low
SERVICE_LEVEL_METRIC,Unknown,15,0.134,P4-Low
SYSTEM_EVENT,Unknown,14,0.125,P4-Low
MEDIA_ASSET,Unknown,13,0.116,P4-Low
