Rank,BVF_Data_Requirement,FSDM_Subject_Area,Priority_Score,Profitability_Cap_Count,Total_Cap_Count,Avg_Reuse_Coeff,Star_Schema_Coverage,FSDM_Entity_Count,Implementation_Tier
1,Customer Segments,Party,101.0,16,96,0.5011,1,27,Tier 1 (Must Have)
2,Account Status (open closed active / domant /inactive / closure reason ),Agreement,92.51,16,87,0.507,0,30,Tier 1 (Must Have)
3,Customer Demographics,Party,92.5,14,91,0.5019,1,30,Tier 1 (Must Have)
4,Account / Policy / Service Detail,Agreement,90.02,16,82,0.5076,0,30,Tier 1 (Must Have)
5,Master & Reference Data - product,Product,89.02,16,80,0.5091,0,30,Tier 1 (Must Have)
6,Account / Policy / Service Holdings,Agreement,89.01,15,86,0.5059,0,30,Tier 1 (Must Have)
7,Account Balances,Agreement,88.52,15,77,0.509,1,28,Tier 1 (Must Have)
8,Account Maturity Dates & Repricing Schedules,Agreement,86.01,16,74,0.5047,0,30,Tier 1 (Must Have)
9,Master & Reference Data - organisation hierarchy,Internal Organisation,84.0,15,76,0.502,0,30,Tier 1 (Must Have)
10,"Provisions, Losses & Writeoffs",Party or Agreement,82.0,14,70,0.502,1,30,Tier 1 (Must Have)
11,Single Customer View (Master Record),Party,81.49,12,81,0.4974,1,30,Tier 1 (Must Have)
12,Defaults & Limit Breaches,Event,81.0,15,70,0.4977,0,18,Tier 1 (Must Have)
13,Account Repayment Schedules,Agreement,79.51,15,67,0.5042,0,30,Tier 1 (Must Have)
14,Master & Reference Data - geography / location,Location,77.52,13,75,0.5098,0,30,Tier 1 (Must Have)
15,Risk Exposures,Agreement,74.51,12,67,0.5026,1,30,Tier 1 (Must Have)
16,Financial Transactions,Event,73.49,11,71,0.4947,1,30,Tier 1 (Must Have)
17,"Risk Segments, Cohorts & Groupings",Party or Agreement,72.5,13,65,0.4984,0,30,Tier 1 (Must Have)
18,Claims,Event,71.98,13,64,0.4916,0,30,Tier 1 (Must Have)
19,Account Limits,Cross Subject  -  Limits,70.01,12,66,0.5035,0,30,Tier 1 (Must Have)
20,Market / Trading Book Positions,Agreement,68.01,12,62,0.5038,0,30,Tier 1 (Must Have)
21,Mark to market valuations,Agreement,68.0,12,62,0.5018,0,30,Tier 2 (Should Have)
22,Account Terms & Conditions,Agreement,67.5,11,67,0.5003,0,30,Tier 2 (Should Have)
23,Collateral Agreements,Agreement,65.5,12,57,0.5001,0,30,Tier 2 (Should Have)
24,Master & Reference Data - exchange rates,Product,62.51,10,63,0.5071,0,30,Tier 2 (Should Have)
25,Coverage (insurance),Agreement,61.98,11,56,0.4905,0,30,Tier 2 (Should Have)
26,Investment Value,Agreement,61.5,12,49,0.4993,0,30,Tier 2 (Should Have)
27,Predictive Models - risk,Party or Agreement,60.97,10,60,0.4864,0,30,Tier 2 (Should Have)
28,Account Feature Usage,Agreement,60.48,10,59,0.4904,0,30,Tier 2 (Should Have)
29,Service Usage,Event,60.45,10,51,0.4754,1,20,Tier 2 (Should Have)
30,"Account Fees, Commissions & Charges",Event,59.96,10,50,0.4792,1,30,Tier 2 (Should Have)
31,Offline Customer Interactions - Branch,Event,51.45,7,59,0.4742,0,28,Tier 2 (Should Have)
32,Offline Customer Interactions - Call Centre,Event,51.45,7,59,0.4742,0,30,Tier 2 (Should Have)
33,Online Interactions customer digital banking site (web log),Event,51.45,7,59,0.4752,0,30,Tier 2 (Should Have)
34,Online Interactions -  webchat (internal & external),Event,50.95,7,58,0.4745,0,30,Tier 2 (Should Have)
35,Online Interactions customer general banking site,Event,50.95,7,58,0.4742,0,30,Tier 2 (Should Have)
36,Master & Reference Data - Channel,Channel,50.45,8,51,0.4751,0,30,Tier 2 (Should Have)
37,Finance Systems - ERP,Finance,50.01,9,36,0.5046,1,30,Tier 2 (Should Have)
38,Offline Customer Interactions - sms text,Event,49.95,7,56,0.4739,0,30,Tier 2 (Should Have)
39,Offline Customer Interactions - letters,Event,49.94,7,56,0.4724,0,28,Tier 2 (Should Have)
40,Online Interactions email - customer & employee,Event,49.94,7,56,0.4724,0,30,Tier 2 (Should Have)
41,Closed Loop Outcomes / Channel Responses,Event,49.94,6,62,0.4702,0,30,Tier 2 (Should Have)
42,Amortisation Schedules,Agreement,48.97,10,36,0.4834,0,20,Tier 2 (Should Have)
43,"Case History (Fraud, Money Laundering, Complaint)",Event,48.95,7,54,0.4729,0,30,Tier 2 (Should Have)
44,Finance Systems - General Ledger,Finance,48.5,8,39,0.4992,1,25,Tier 2 (Should Have)
45,Risk Weighted Assets & Capital Results,Agreement,47.48,9,31,0.489,1,30,Tier 2 (Should Have)
46,Financial Interbank Payments,Event,47.47,9,39,0.4838,0,30,Tier 2 (Should Have)
47,"Application Data (New Customer, New Product)",Agreement,47.44,6,57,0.4717,0,30,Tier 2 (Should Have)
48,Master & Reference Data - FTP rates,Product,47.01,9,38,0.5033,0,30,Tier 2 (Should Have)
49,Online Interactions mobile app,Event,46.95,6,56,0.4735,0,30,Tier 2 (Should Have)
50,"External Data - market prices (E.g. equities, bonds, commodities)",Product,46.52,8,43,0.5097,0,30,Tier 2 (Should Have)
51,Complaint Data,Event,46.44,7,49,0.4678,0,16,Tier 3 (Nice to Have)
52,Profitability Results,Agreement,45.93,7,40,0.4627,1,19,Tier 3 (Nice to Have)
53,Non-Financial Transactions,Event,44.42,8,39,0.4614,0,20,Tier 3 (Nice to Have)
54,Physical Assets,Party Asset,44.0,6,50,0.4988,0,30,Tier 3 (Nice to Have)
55,Physical Asset Valuations,Party Asset,44.0,6,50,0.4988,0,30,Tier 3 (Nice to Have)
56,Customer interview / fact find,Event or Cross Subject - Document,43.96,6,50,0.4783,0,30,Tier 3 (Nice to Have)
57,Internal Process Activity Data,Event,43.42,7,43,0.4603,0,30,Tier 3 (Nice to Have)
58,Online Interactions prospect / unidentified customer (web log),Event,42.93,7,42,0.4666,0,30,Tier 3 (Nice to Have)
59,Master & Reference Data - merchant / transaction,Event,41.95,8,34,0.4765,0,30,Tier 3 (Nice to Have)
60,Cashflow Projections,Agreement,41.47,8,33,0.484,0,18,Tier 3 (Nice to Have)
61,Online Interactions colleague intranet,Event,41.42,7,39,0.4602,0,30,Tier 3 (Nice to Have)
62,Online Interactions off-site - ad server,Event,39.93,6,42,0.4635,0,30,Tier 3 (Nice to Have)
63,External Data - market interest rates,Product,39.51,7,35,0.503,0,30,Tier 3 (Nice to Have)
64,Predictive Models - propensity to buy,Party or Agreement,39.43,6,41,0.4625,0,18,Tier 3 (Nice to Have)
65,Predictive Models - price elasticity,Party or Agreement,39.43,6,41,0.4625,0,24,Tier 3 (Nice to Have)
66,Predictive Models - attrition,Party or Agreement,38.92,6,40,0.4617,0,18,Tier 3 (Nice to Have)
67,Legal Actions,Party,38.47,5,45,0.4865,0,30,Tier 3 (Nice to Have)
68,"Product Revenue, Cost & Margin",Product,38.42,7,33,0.4599,0,25,Tier 3 (Nice to Have)
69,Master & Reference Data - Campaign,Campaign,37.42,5,43,0.4598,0,30,Tier 3 (Nice to Have)
70,Customer Quotes,Agreement,36.92,5,42,0.4593,0,25,Tier 3 (Nice to Have)
71,Customer Illustrations,Agreement,36.42,5,41,0.459,0,25,Tier 3 (Nice to Have)
72,Master & Reference Data - staff / colleague,Party,35.93,5,40,0.4631,0,30,Tier 3 (Nice to Have)
73,Campaign History Data,Campaign,35.91,6,34,0.4564,0,30,Tier 3 (Nice to Have)
74,"Model Metadata (E.g. defintion, assumptions, metrics)",Analytical Model,35.48,4,45,0.4909,0,30,Tier 3 (Nice to Have)
75,Customer Satisfaction Measurement (E.g. NPS),Party,35.44,3,51,0.4705,0,30,Tier 3 (Nice to Have)
76,Master & Reference Data - Risk Policy Rules,Cross Subject - Document,34.49,3,49,0.4956,0,30,Tier 3 (Nice to Have)
77,External Data - Credit Rating,Party,32.99,3,46,0.4936,0,21,Tier 3 (Nice to Have)
78,Risk Scenario & Stress Testing Results,Analytical Model,32.97,3,46,0.4866,0,30,Tier 3 (Nice to Have)
79,Attribution Models - response,Party or Agreement,32.42,4,39,0.4592,0,30,Tier 3 (Nice to Have)
80,Customer Contact Preferences,Party,31.95,1,56,0.4738,0,30,Tier 3 (Nice to Have)
81,External Data - Bureau data,Party,30.99,3,42,0.4951,0,10,Tier 4 (Future)
82,"Finance Systems - Budgets, Plans & Forecasts",Finance,30.45,6,23,0.476,0,25,Tier 4 (Future)
83,"Sales and Performance Forecasts, Targets & KPIs",Party,30.41,3,41,0.4537,0,30,Tier 4 (Future)
84,Customer Attitudinal Data,Party,29.94,2,46,0.4714,0,19,Tier 4 (Future)
85,Customer Marketing Preferences,Party,28.94,0,56,0.4707,0,21,Tier 4 (Future)
86,Product NPV's,Product,28.91,4,32,0.4547,0,2,Tier 4 (Future)
87,Economic Forecast Data,Party,26.93,4,28,0.4658,0,20,Tier 4 (Future)
88,External Data - Social Media Data,Party,26.45,2,39,0.4738,0,30,Tier 4 (Future)
89,Campaign Production Costs,Campaign,24.87,5,18,0.4345,0,30,Tier 4 (Future)
90,HR Performance Data,Party,23.9,3,28,0.4477,0,29,Tier 4 (Future)
91,KYC Data,Party,22.45,0,43,0.4743,0,26,Tier 4 (Future)
92,"Documents - Structured Data Capture (Survey, Application Forms)",Cross Subject - Document,22.44,0,43,0.472,0,30,Tier 4 (Future)
93,Customer Research - Primary & Secondary,Cross Subject - Survey,22.4,4,19,0.4483,0,30,Tier 4 (Future)
94,External Data - Competitor Product & Pricing,Party & Product,21.9,3,24,0.448,0,30,Tier 4 (Future)
95,Business Process Definition,Not Covered,21.9,3,24,0.4512,0,30,Tier 4 (Future)
96,"Operational metrics (E.g. Wait times, queue length)",Internal Organisation,20.4,4,15,0.4493,0,27,Tier 4 (Future)
97,Text Data,Cross Subject - Document,19.44,0,37,0.4717,0,30,Tier 4 (Future)
98,External Prospect Data / Lists,Party,18.92,1,30,0.4598,0,30,Tier 4 (Future)
99,"External Economic Data (E.g. Property Prices, Salary)",Party,18.45,1,29,0.4739,0,30,Tier 4 (Future)
100,External Data - News / Industry Feeds E.g. Reuters,Cross Subject - Document,17.45,0,33,0.4742,0,30,Tier 4 (Future)
101,Customer Core Contact Details,Location,16.45,0,31,0.4754,0,30,Tier 4 (Future)
102,Lead Foodchain data,Party or Agreement,15.91,0,30,0.4539,0,30,Tier 4 (Future)
103,External Data - Corporate Actions,Event,15.44,0,29,0.4708,0,30,Tier 4 (Future)
104,External Data - Fraud Watch Lists,Cross Subject - Watch List,13.43,0,25,0.4663,0,30,Tier 4 (Future)
105,Compliance Approvals,Cross Subject,12.88,0,24,0.4424,0,21,Tier 4 (Future)
106,Campaign Promotional Calendar,Campaign,12.36,1,17,0.4316,0,30,Tier 4 (Future)
107,Document Image,Cross Subject - Document,9.9,0,18,0.4494,0,30,Tier 4 (Future)
108,Voice Recording,Cross Subject - Multi-media object,9.39,0,17,0.4459,0,30,Tier 4 (Future)
109,Offer Catalogue,Campaign,9.37,0,17,0.4362,0,30,Tier 4 (Future)
110,External Data - External Loss Data,Not Covered,8.89,0,16,0.4452,0,30,Tier 4 (Future)
111,"System Log Files (E.g. Firewall, Webserver)",Not Covered,7.88,0,14,0.4407,0,30,Tier 4 (Future)
112,Media Asset Details,Campaign,5.35,0,9,0.4237,0,30,Tier 4 (Future)
113,Rich Media from all sources,Cross Subject - Multi-media object,4.87,0,8,0.4335,0,30,Tier 4 (Future)
