"Parent","Child","Cardinality","FK_Columns","Relationship_Name"
"AD ORDER MAKE GOOD SUBTYPE","AD ORDER MAKE GOOD","1:M","Ad Order Make Good Subtype Cd","AD ORDER MAKE GOOD SUBTYPE -> AD ORDER MAKE GOOD"
"AD ORDER ONLINE SUBTYPE","AD ORDER ONLINE","1:M","Ad Order Online Subtype Cd","AD ORDER ONLINE SUBTYPE -> AD ORDER ONLINE"
"AD ORDER TYPE","AD ORDER","1:M","Ad Order Type Cd","AD ORDER TYPE -> AD ORDER"
"AD STATUS TYPE","AD STATUS","1:M","Ad Status Type Cd","AD STATUS TYPE -> AD STATUS"
"AGREEMENT AGREEMENT GROUP SUBTYPE","AGREEMENT AGREEMENT GROUP","1:M","Agreement Agreement Group Subtype Cd","AGREEMENT AGREEMENT GROUP SUBTYPE -> AGREEMENT AGREEMENT GROUP"
"AGREEMENT ASSET","EXPOSURE AGREEMENT ASSET VALUE","1:M","Agreement Asset Start Dt","AGREEMENT ASSET -> EXPOSURE AGREEMENT ASSET VALUE"
"AGREEMENT ASSET","EXPOSURE AGREEMENT ASSET VALUE ADJUSTMENT","1:M","Agreement Asset Start Dt","AGREEMENT ASSET -> EXPOSURE AGREEMENT ASSET VALUE ADJUSTMENT"
"AGREEMENT ASSET","EXPOSURE AGREEMENT COLLATERAL ITEM","1:M","Agreement Asset Start Dt","AGREEMENT ASSET -> EXPOSURE AGREEMENT COLLATERAL ITEM"
"AGREEMENT FEATURE RELATED","AGREEMENT FEATURE","1:M","Agreement Feature Role Cd","AGREEMENT FEATURE RELATED -> AGREEMENT FEATURE"
"AGREEMENT FEATURE RELATED","AGREEMENT FEATURE METRIC","1:M","Agreement Feature Role Cd","AGREEMENT FEATURE RELATED -> AGREEMENT FEATURE METRIC"
"AGREEMENT FEATURE RELATED","AGREEMENT FEATURE ROLE TYPE","1:M","Agreement Feature Role Cd","AGREEMENT FEATURE RELATED -> AGREEMENT FEATURE ROLE TYPE"
"AGREEMENT FEATURE RELATED","AGREEMENT PRODUCT FEATURE","1:M","Agreement Feature Role Cd","AGREEMENT FEATURE RELATED -> AGREEMENT PRODUCT FEATURE"
"AGREEMENT FEATURE RELATED","AGREEMENT PRODUCT FEATURE RELATED","1:M","Agreement Feature Role Cd","AGREEMENT FEATURE RELATED -> AGREEMENT PRODUCT FEATURE RELATED"
"AGREEMENT FEATURE RELATED","APPLICATION FEATURE","1:M","Agreement Feature Role Cd","AGREEMENT FEATURE RELATED -> APPLICATION FEATURE"
"AGREEMENT FEATURE RELATED","APPLICATION FEATURE RELATED","1:M","Agreement Feature Role Cd","AGREEMENT FEATURE RELATED -> APPLICATION FEATURE RELATED"
"AGREEMENT FEATURE RELATED","POLICY COVERAGE METRIC","1:M","Agreement Feature Role Cd","AGREEMENT FEATURE RELATED -> POLICY COVERAGE METRIC"
"AGREEMENT FEATURE RELATED","QUOTATION FEATURE","1:M","Agreement Feature Role Cd","AGREEMENT FEATURE RELATED -> QUOTATION FEATURE"
"AGREEMENT FEATURE RELATED","QUOTATION FEATURE RELATED","1:M","Agreement Feature Role Cd","AGREEMENT FEATURE RELATED -> QUOTATION FEATURE RELATED"
"AGREEMENT GROUP REASON TYPE","AGREEMENT GROUP","1:M","Agreement Group Reason Type Cd","AGREEMENT GROUP REASON TYPE -> AGREEMENT GROUP"
"AGREEMENT GROUP SCORE","AGREEMENT GROUP","1:M","Analytical Model Id","AGREEMENT GROUP SCORE -> AGREEMENT GROUP"
"AGREEMENT GROUP TYPE","AGREEMENT GROUP TYPE XREF","1:M","Agreement Group Type Cd","AGREEMENT GROUP TYPE -> AGREEMENT GROUP TYPE XREF"
"AGREEMENT ID TYPE JAPAN","FINANCIAL AGREEMENT JAPAN","1:M","Agreement Identification Cd","AGREEMENT ID TYPE JAPAN -> FINANCIAL AGREEMENT JAPAN"
"AGREEMENT IDENTIFICATION","ACCOUNT","1:M","Issuing Organization Party Id","AGREEMENT IDENTIFICATION -> ACCOUNT"
"AGREEMENT IDENTIFICATION","PRODUCT IDENTIFICATION","1:M","Issuing Organization Party Id","AGREEMENT IDENTIFICATION -> PRODUCT IDENTIFICATION"
"AGREEMENT IDENTIFICATION CATEGORY","AGREEMENT IDENTIFICATION","1:M","Agreement Identification Category Cd","AGREEMENT IDENTIFICATION CATEGORY -> AGREEMENT IDENTIFICATION"
"AGREEMENT METRIC PROJECTION","AGREEMENT BALANCE TYPE METRIC","1:M","Risk Metric Type Cd","AGREEMENT METRIC PROJECTION -> AGREEMENT BALANCE TYPE METRIC"
"AGREEMENT METRIC PROJECTION","AGREEMENT METRIC TYPE","1:M","Risk Metric Type Cd","AGREEMENT METRIC PROJECTION -> AGREEMENT METRIC TYPE"
"AGREEMENT METRIC PROJECTION","PARTY METRIC TYPE","1:M","Risk Metric Type Cd","AGREEMENT METRIC PROJECTION -> PARTY METRIC TYPE"
"AGREEMENT OBTAINED TYPE","AGREEMENT","1:M","Agreement Obtained Cd","AGREEMENT OBTAINED TYPE -> AGREEMENT"
"AGREEMENT PARTY FEATURE","AGREEMENT FEATURE","1:M","Overridden Feature Id","AGREEMENT PARTY FEATURE -> AGREEMENT FEATURE"
"AGREEMENT PARTY FEATURE","AGREEMENT PRODUCT FEATURE","1:M","Overridden Feature Id","AGREEMENT PARTY FEATURE -> AGREEMENT PRODUCT FEATURE"
"AGREEMENT PARTY FEATURE","QUOTATION FEATURE","1:M","Overridden Feature Id","AGREEMENT PARTY FEATURE -> QUOTATION FEATURE"
"AGREEMENT PARTY FEATURE","QUOTATION FEATURE RELATED","1:M","Overridden Feature Id","AGREEMENT PARTY FEATURE -> QUOTATION FEATURE RELATED"
"AGREEMENT PRODUCT FEATURE RELATED","AGREEMENT PRODUCT ROLE TYPE","1:M","Agreement Product Role Cd-new","AGREEMENT PRODUCT FEATURE RELATED -> AGREEMENT PRODUCT ROLE TYPE"
"AGREEMENT RISK HISTORY","INTEREST RATE BANKING BOOK SUMMARY","1:M","Exposure At Default Amt","AGREEMENT RISK HISTORY -> INTEREST RATE BANKING BOOK SUMMARY"
"APPLICATION CHECKLIST STATUS TYPE","APPLICATION CHECKLIST","1:M","Application Checklist Status Cd","APPLICATION CHECKLIST STATUS TYPE -> APPLICATION CHECKLIST"
"ASSET ROLE TYPE","AGREEMENT APPLICATION ROLE","1:M","Asset Role Cd","ASSET ROLE TYPE -> AGREEMENT APPLICATION ROLE"
"ASSOCIATE EMPLOYMENT BASIS","EMPLOYMENT BASIS TYPE","1:M","Occupation Type Cd","ASSOCIATE EMPLOYMENT BASIS -> EMPLOYMENT BASIS TYPE"
"ASSOCIATE JOB CLASSIFICATION SHIFT SCHEDULE","LABOR POOL","1:M","Labor Pool Start Dt","ASSOCIATE JOB CLASSIFICATION SHIFT SCHEDULE -> LABOR POOL"
"ASSOCIATE LABOR TASK","TASK ADJUSTMENT","1:M","Labor Task Start Dttm","ASSOCIATE LABOR TASK -> TASK ADJUSTMENT"
"ASSOCIATE LEAVE REASON","ASSOCIATE LEAVE TAKEN","1:M","Associate Leave Reason Cd","ASSOCIATE LEAVE REASON -> ASSOCIATE LEAVE TAKEN"
"ASSOCIATE LEAVE TYPE","ASSOCIATE LEAVE TAKEN","1:M","Associate Leave Type Cd","ASSOCIATE LEAVE TYPE -> ASSOCIATE LEAVE TAKEN"
"ASSOCIATE POSITION STATUS","ASSOCIATE POSITION STATUS TYPE","1:M","Associate Position Status Cd","ASSOCIATE POSITION STATUS -> ASSOCIATE POSITION STATUS TYPE"
"ASSOCIATE RELATIONSHIP TYPE","ASSOCIATE CONTACT","1:M","Associate Relationship Type Cd","ASSOCIATE RELATIONSHIP TYPE -> ASSOCIATE CONTACT"
"ASSOCIATE STATUS","ASSOCIATE STATUS TYPE","1:M","Associate Status Type Cd","ASSOCIATE STATUS -> ASSOCIATE STATUS TYPE"
"ASSOCIATE STATUS REASON","ASSOCIATE STATUS","1:M","Associate Status Reason Cd","ASSOCIATE STATUS REASON -> ASSOCIATE STATUS"
"BALANCE SHEET GL MAIN ACCOUNT","BALANCE SHEET GL MAIN ACCOUNT TYPE","1:M","Balance Sheet GL Main Account  Cd","BALANCE SHEET GL MAIN ACCOUNT -> BALANCE SHEET GL MAIN ACCOUNT TYPE"
"BANK CAPITAL SUMMARY","CAPITAL REQUIREMENTS SUMMARY","1:M","Period Start Dt","BANK CAPITAL SUMMARY -> CAPITAL REQUIREMENTS SUMMARY"
"BANK CAPITAL SUMMARY","CREDIT RISK SUMMARY","1:M","Period Start Dt","BANK CAPITAL SUMMARY -> CREDIT RISK SUMMARY"
"BANK CAPITAL SUMMARY","EQUITY HOLDING SUMMARY","1:M","Period Start Dt","BANK CAPITAL SUMMARY -> EQUITY HOLDING SUMMARY"
"BANK CAPITAL SUMMARY","INTEREST RATE BANKING BOOK SUMMARY","1:M","Period Start Dt","BANK CAPITAL SUMMARY -> INTEREST RATE BANKING BOOK SUMMARY"
"BANK CAPITAL SUMMARY","RISK MITIGATION SUMMARY","1:M","Period Start Dt","BANK CAPITAL SUMMARY -> RISK MITIGATION SUMMARY"
"BANK LOSS TYPE","BANK ACTUAL RISK LOSS","1:M","Bank Loss Type Cd","BANK LOSS TYPE -> BANK ACTUAL RISK LOSS"
"BASEL DEFAULT STATUS PARAMETER","BASEL FUNCTION TYPE","1:M","Basel II Function Cd","BASEL DEFAULT STATUS PARAMETER -> BASEL FUNCTION TYPE"
"BASEL DEFAULT STATUS PARAMETER","BASEL II APPROACH","1:M","Basel II Function Cd","BASEL DEFAULT STATUS PARAMETER -> BASEL II APPROACH"
"BASEL DEFAULT STATUS PARAMETER","INTEREST RATE BANKING BOOK SUMMARY","1:M","Basel II Function Cd","BASEL DEFAULT STATUS PARAMETER -> INTEREST RATE BANKING BOOK SUMMARY"
"BENEFIT PLAN ELIGIBILITY TERM TYPE","BENEFIT PLAN OPTION ELIGIBILITY","1:M","Benefit Plan Eligibility Term Cd","BENEFIT PLAN ELIGIBILITY TERM TYPE -> BENEFIT PLAN OPTION ELIGIBILITY"
"BENEFIT PLAN OPTION ELIGIBILITY","BENEFIT PLAN OPTION POSITION","1:M","Benefit Plan Id; Benefit Plan Option Id","BENEFIT PLAN OPTION ELIGIBILITY -> BENEFIT PLAN OPTION POSITION"
"BENEFIT PLAN OPTION POSITION","ASSOCIATE POSITION STATUS","1:M","Position Id","BENEFIT PLAN OPTION POSITION -> ASSOCIATE POSITION STATUS"
"BENEFIT PLAN OPTION STATUS TYPE","BENEFIT PLAN OPTION","1:M","Benefit Plan Option Status Cd","BENEFIT PLAN OPTION STATUS TYPE -> BENEFIT PLAN OPTION"
"BUSINESS","BUSINESS CATEGORY","1:M","Business Legal Class Cd","BUSINESS -> BUSINESS CATEGORY"
"CAMPAIGN AGREEMENT ROLE TYPE","CAMPAIGN AGREEMENT","1:M","Campaign Agreement Role Cd","CAMPAIGN AGREEMENT ROLE TYPE -> CAMPAIGN AGREEMENT"
"CAMPAIGN COLLATERAL","COMMUNICATION COLLATERAL","1:M","Communication Collateral Version Num","CAMPAIGN COLLATERAL -> COMMUNICATION COLLATERAL"
"CHANNEL CHANNEL CLASS XREF","CHANNEL CLASS SCHEME TYPE","1:M","Party Classification Cd","CHANNEL CHANNEL CLASS XREF -> CHANNEL CLASS SCHEME TYPE"
"CHANNEL CHANNEL CLASS XREF","CHANNEL CLASS VALUE","1:M","Party Classification Cd","CHANNEL CHANNEL CLASS XREF -> CHANNEL CLASS VALUE"
"CHECK TRANSACTION TYPE","HOME BANK CHECK IMAGE","1:M","Check Transaction Type Cd","CHECK TRANSACTION TYPE -> HOME BANK CHECK IMAGE"
"COLLATERAL AGREEMENT COVERAGE","RISK MITIGANT AGREEMENT ITEM","1:M","Risk Mitigant Agreement Item Start Dt","COLLATERAL AGREEMENT COVERAGE -> RISK MITIGANT AGREEMENT ITEM"
"COMMUNICATION COLLATERAL TYPE","COMMUNICATION COLLATERAL","1:M","Communication Collateral Type Cd","COMMUNICATION COLLATERAL TYPE -> COMMUNICATION COLLATERAL"
"CONVERTIBLE BOND","BOND CONVERSION STYLE TYPE","1:M","Conversion Type ID","CONVERTIBLE BOND -> BOND CONVERSION STYLE TYPE"
"COURSE FEEDBACK RESPONSE","COURSE SCHEDULED","1:M","Training Course Id","COURSE FEEDBACK RESPONSE -> COURSE SCHEDULED"
"CREDIT STATUS TYPE","PARTY LIABILITY CREDIT RATING","1:M","Credit Status Cd","CREDIT STATUS TYPE -> PARTY LIABILITY CREDIT RATING"
"DEBT RECEIVABLE AGREEMENT TYPE","PURCHASED RECEIVABLE ISSUER AGREEMENT","1:M","Debt Receivable Agreement Type Cd","DEBT RECEIVABLE AGREEMENT TYPE -> PURCHASED RECEIVABLE ISSUER AGREEMENT"
"DIRECT CONTACT EVENT","PARTY","1:M","Contact Follow-up Cd","DIRECT CONTACT EVENT -> PARTY"
"DWELLING TYPE","STREET ADDRESS","1:M","Dwelling Type Cd","DWELLING TYPE -> STREET ADDRESS"
"DWELLING TYPE","STREET ADDRESS JAPAN","1:M","Dwelling Type Cd","DWELLING TYPE -> STREET ADDRESS JAPAN"
"ENVELOPE MESSAGE TYPE","STATEMENT","1:M","Envelope Message Type Cd","ENVELOPE MESSAGE TYPE -> STATEMENT"
"FINANCIAL AGREEMENT TYPE JAPAN","FINANCIAL AGREEMENT JAPAN","1:M","Financial Agreement Type Cd","FINANCIAL AGREEMENT TYPE JAPAN -> FINANCIAL AGREEMENT JAPAN"
"FINANCIAL INSTITUTION INTERNAL ORGANIZATION","ASSUMPTION SET","1:M","Organization Num","FINANCIAL INSTITUTION INTERNAL ORGANIZATION -> ASSUMPTION SET"
"FINANCIAL INSTITUTION TYPE","TRADE SETTLE PHYSICAL DELIVERY","1:M","Financial Institution Type Cd","FINANCIAL INSTITUTION TYPE -> TRADE SETTLE PHYSICAL DELIVERY"
"FINANCIAL ITEM STATUS REASON","COA CODE BALANCE","1:M","Financial Item Status Reason Cd","FINANCIAL ITEM STATUS REASON -> COA CODE BALANCE"
"FIXED INTEREST RATE FEATURE","FORWARD RATE AGREEMENT","1:M","Fixed Interest Rate","FIXED INTEREST RATE FEATURE -> FORWARD RATE AGREEMENT"
"FUTURES AGREEMENT","CONTRACT SETTLEMENT TYPE","1:M","Contract Settlement Type ID","FUTURES AGREEMENT -> CONTRACT SETTLEMENT TYPE"
"FUTURES AGREEMENT","FORWARD CONTRACT","1:M","Contract Settlement Type ID","FUTURES AGREEMENT -> FORWARD CONTRACT"
"GEOSPATIAL POINT","INTERNET PROTOCOL ADDRESS GEOGRAPHICAL MAP","1:M","Latitude Meas","GEOSPATIAL POINT -> INTERNET PROTOCOL ADDRESS GEOGRAPHICAL MAP"
"HR POSITION SITE REASON","AD ORDER MAKE GOOD REFUND","1:M","Letter","HR POSITION SITE REASON -> AD ORDER MAKE GOOD REFUND"
"HR POSITION SITE REASON","AD PLACEMENT PRINT MEDIUM","1:M","Letter","HR POSITION SITE REASON -> AD PLACEMENT PRINT MEDIUM"
"HR POSITION SITE REASON","AGREEMENT CHANNEL TYPE","1:M","Letter","HR POSITION SITE REASON -> AGREEMENT CHANNEL TYPE"
"HR POSITION SITE REASON","ALERT SETUP NOTIFICATION LOCATOR","1:M","Letter","HR POSITION SITE REASON -> ALERT SETUP NOTIFICATION LOCATOR"
"HR POSITION SITE REASON","ANALYTICAL MODEL TO GROUP","1:M","Letter","HR POSITION SITE REASON -> ANALYTICAL MODEL TO GROUP"
"HR POSITION SITE REASON","BASEL III CAPITAL TYPE","1:M","Letter","HR POSITION SITE REASON -> BASEL III CAPITAL TYPE"
"HR POSITION SITE REASON","BOND PAYMENT SCHEDULE","1:M","Letter","HR POSITION SITE REASON -> BOND PAYMENT SCHEDULE"
"HR POSITION SITE REASON","CELL TARGET CHANNEL INSTANCE","1:M","Letter","HR POSITION SITE REASON -> CELL TARGET CHANNEL INSTANCE"
"HR POSITION SITE REASON","CHANNEL TYPE SUBTYPE","1:M","Letter","HR POSITION SITE REASON -> CHANNEL TYPE SUBTYPE"
"HR POSITION SITE REASON","CREDIT RATING","1:M","Letter","HR POSITION SITE REASON -> CREDIT RATING"
"HR POSITION SITE REASON","CUSTOMER NAME","1:M","Letter","HR POSITION SITE REASON -> CUSTOMER NAME"
"HR POSITION SITE REASON","EVENT CHANNEL INSTANCE","1:M","Letter","HR POSITION SITE REASON -> EVENT CHANNEL INSTANCE"
"HR POSITION SITE REASON","FEATURE GROUP METRIC","1:M","Letter","HR POSITION SITE REASON -> FEATURE GROUP METRIC"
"HR POSITION SITE REASON","GEOPOLITICAL AREA","1:M","Letter","HR POSITION SITE REASON -> GEOPOLITICAL AREA"
"HR POSITION SITE REASON","GL MAIN ACCOUNT SCHEME TYPE","1:M","Letter","HR POSITION SITE REASON -> GL MAIN ACCOUNT SCHEME TYPE"
"HR POSITION SITE REASON","IMPRESSION DELIVERY STATUS","1:M","Letter","HR POSITION SITE REASON -> IMPRESSION DELIVERY STATUS"
"HR POSITION SITE REASON","INCIDENT PERIL TYPE","1:M","Letter","HR POSITION SITE REASON -> INCIDENT PERIL TYPE"
"HR POSITION SITE REASON","INCOME STATEMENT GL MAIN ACCOUNT","1:M","Letter","HR POSITION SITE REASON -> INCOME STATEMENT GL MAIN ACCOUNT"
"HR POSITION SITE REASON","INSURABLE INTEREST","1:M","Letter","HR POSITION SITE REASON -> INSURABLE INTEREST"
"HR POSITION SITE REASON","INTEREST RATE QUOTATION","1:M","Letter","HR POSITION SITE REASON -> INTEREST RATE QUOTATION"
"HR POSITION SITE REASON","INTERNAL SEARCH RESULT CONTENT","1:M","Letter","HR POSITION SITE REASON -> INTERNAL SEARCH RESULT CONTENT"
"HR POSITION SITE REASON","LEGAL ENTITY IDENTIFIER","1:M","Letter","HR POSITION SITE REASON -> LEGAL ENTITY IDENTIFIER"
"HR POSITION SITE REASON","LINE OF BUSINESS CLASSIFICATION SCHEME","1:M","Letter","HR POSITION SITE REASON -> LINE OF BUSINESS CLASSIFICATION SCHEME"
"HR POSITION SITE REASON","MARKET FEED","1:M","Letter","HR POSITION SITE REASON -> MARKET FEED"
"HR POSITION SITE REASON","MEASUREMENT DIAGNOSTIC TYPE","1:M","Letter","HR POSITION SITE REASON -> MEASUREMENT DIAGNOSTIC TYPE"
"HR POSITION SITE REASON","MONITOR SITE AUTHOR","1:M","Letter","HR POSITION SITE REASON -> MONITOR SITE AUTHOR"
"HR POSITION SITE REASON","NAMED INSUREDS","1:M","Letter","HR POSITION SITE REASON -> NAMED INSUREDS"
"HR POSITION SITE REASON","PARTY AGREEMENT METRIC","1:M","Letter","HR POSITION SITE REASON -> PARTY AGREEMENT METRIC"
"HR POSITION SITE REASON","PARTY ASSET STATUS TYPE","1:M","Letter","HR POSITION SITE REASON -> PARTY ASSET STATUS TYPE"
"HR POSITION SITE REASON","PARTY GRIEVANCE ROLE","1:M","Letter","HR POSITION SITE REASON -> PARTY GRIEVANCE ROLE"
"HR POSITION SITE REASON","PARTY JOB CLASSIFICATION","1:M","Letter","HR POSITION SITE REASON -> PARTY JOB CLASSIFICATION"
"HR POSITION SITE REASON","POSITION POSTING APPLICANT","1:M","Letter","HR POSITION SITE REASON -> POSITION POSTING APPLICANT"
"HR POSITION SITE REASON","PROMOTION OFFER SEGMENT","1:M","Letter","HR POSITION SITE REASON -> PROMOTION OFFER SEGMENT"
"HR POSITION SITE REASON","PURCHASE EVENT","1:M","Letter","HR POSITION SITE REASON -> PURCHASE EVENT"
"HR POSITION SITE REASON","RADIO STATION TYPE","1:M","Letter","HR POSITION SITE REASON -> RADIO STATION TYPE"
"HR POSITION SITE REASON","REINSURED RISK","1:M","Letter","HR POSITION SITE REASON -> REINSURED RISK"
"HR POSITION SITE REASON","SCHEDULE GROUP TYPE","1:M","Letter","HR POSITION SITE REASON -> SCHEDULE GROUP TYPE"
"HR POSITION SITE REASON","SECURITY MASTER STANDARD PRODUCTS","1:M","Letter","HR POSITION SITE REASON -> SECURITY MASTER STANDARD PRODUCTS"
"HR POSITION SITE REASON","SETTLEMENT ACCOUNT DETAILS","1:M","Letter","HR POSITION SITE REASON -> SETTLEMENT ACCOUNT DETAILS"
"HR POSITION SITE REASON","SOCIAL NETWORK ACCESS","1:M","Letter","HR POSITION SITE REASON -> SOCIAL NETWORK ACCESS"
"HR POSITION SITE REASON","STANDARD COMMENT TYPE","1:M","Letter","HR POSITION SITE REASON -> STANDARD COMMENT TYPE"
"HR POSITION SITE REASON","SURVEY EVENT REASON TYPE","1:M","Letter","HR POSITION SITE REASON -> SURVEY EVENT REASON TYPE"
"HR POSITION SITE REASON","SURVEY RESOLUTION TYPE","1:M","Letter","HR POSITION SITE REASON -> SURVEY RESOLUTION TYPE"
"HR POSITION SITE REASON","TEXT TAG","1:M","Letter","HR POSITION SITE REASON -> TEXT TAG"
"HR POSITION SITE REASON","TRAIT VALUE","1:M","Letter","HR POSITION SITE REASON -> TRAIT VALUE"
"HR POSITION SITE REASON","UNKNOWN PARTY LOCATOR","1:M","Letter","HR POSITION SITE REASON -> UNKNOWN PARTY LOCATOR"
"HR POSITION SITE REASON","VISITOR","1:M","Letter","HR POSITION SITE REASON -> VISITOR"
"HR POSITION SITE REASON","WARNING ALERT","1:M","Letter","HR POSITION SITE REASON -> WARNING ALERT"
"HR POSITION SITE REASON","WEB BANNER AD","1:M","Letter","HR POSITION SITE REASON -> WEB BANNER AD"
"HR POSITION SITE REASON","WEB SITE BREADCRUMB","1:M","Letter","HR POSITION SITE REASON -> WEB SITE BREADCRUMB"
"INCENTIVE","CAMPAIGN CELL","1:M","Incentive Id","INCENTIVE -> CAMPAIGN CELL"
"INCIDENT PERIL TYPE","DEPRECIABLE ASSET ACCOUNT PAYABLE","1:M","Insurance (all LOB)","INCIDENT PERIL TYPE -> DEPRECIABLE ASSET ACCOUNT PAYABLE"
"INCIDENT PERIL TYPE","FUNDS TRANSFER TYPE","1:M","Insurance (all LOB)","INCIDENT PERIL TYPE -> FUNDS TRANSFER TYPE"
"INCOME STATEMENT GL MAIN ACCOUNT","INCOME STATEMENT GL MAIN ACCOUNT TYPE","1:M","Income Statement GL Main Account Cd","INCOME STATEMENT GL MAIN ACCOUNT -> INCOME STATEMENT GL MAIN ACCOUNT TYPE"
"INDIRECT PAY ELEMENT TYPE","INDIRECT PAY ELEMENT","1:M","Indirect Pay Element Type Cd","INDIRECT PAY ELEMENT TYPE -> INDIRECT PAY ELEMENT"
"INTERNET PROTOCOL ADDRESS GEOGRAPHICAL MAP","TELEPHONE NUMBER","1:M","Telephone Area Code Num","INTERNET PROTOCOL ADDRESS GEOGRAPHICAL MAP -> TELEPHONE NUMBER"
"INVESTMENT POSITION","INVESTMENT POSITION SPECIFIC","1:M","Investment Position Start Dttm","INVESTMENT POSITION -> INVESTMENT POSITION SPECIFIC"
"INVESTMENT PRODUCT GROUP RISK FACTOR","BANK ACTUAL RISK LOSS","1:M","Bank Risk Factor Type Cd","INVESTMENT PRODUCT GROUP RISK FACTOR -> BANK ACTUAL RISK LOSS"
"INVESTMENT PRODUCT GROUP RISK FACTOR","FINANCIAL RISK FACTOR","1:M","Bank Risk Factor Type Cd","INVESTMENT PRODUCT GROUP RISK FACTOR -> FINANCIAL RISK FACTOR"
"INVESTMENT PRODUCT GROUP RISK FACTOR","YIELD CURVE MATURITY RISK FACTOR","1:M","Bank Risk Factor Type Cd","INVESTMENT PRODUCT GROUP RISK FACTOR -> YIELD CURVE MATURITY RISK FACTOR"
"INVOICE LINE PARTY ROLE","INVOICE LINE PARTY","1:M","Invoice Line Party Role Type Cd","INVOICE LINE PARTY ROLE -> INVOICE LINE PARTY"
"LOYALTY PROGRAM PARTY","LOYALTY PROGRAM","1:M","Reward Program Cd","LOYALTY PROGRAM PARTY -> LOYALTY PROGRAM"
"MARKET QUOTATION","INTEREST RATE QUOTATION","1:M","Quoting Party Id","MARKET QUOTATION -> INTEREST RATE QUOTATION"
"MARKET QUOTATION METRIC","MARKET QUOTATION","1:M","Market Quotation Dttm","MARKET QUOTATION METRIC -> MARKET QUOTATION"
"MARKET QUOTATION METRIC TYPE","FOREIGN EXCHANGE METRIC","1:M","Market Quotation Metric Type Cd","MARKET QUOTATION METRIC TYPE -> FOREIGN EXCHANGE METRIC"
"MARKET QUOTATION METRIC TYPE","MARKET QUOTATION METRIC","1:M","Market Quotation Metric Type Cd","MARKET QUOTATION METRIC TYPE -> MARKET QUOTATION METRIC"
"NATIONALITY TYPE","INDIVIDUAL","1:M","Nationality Cd","NATIONALITY TYPE -> INDIVIDUAL"
"NAVIGATION LEVEL","WEB SITE NAVIGATION","1:M","Navigation Level Id","NAVIGATION LEVEL -> WEB SITE NAVIGATION"
"OFFER TYPE","OFFER","1:M","Offer Type Cd","OFFER TYPE -> OFFER"
"OPPORTUNITY ASSET","OPPORTUNITY ASSET ROLE TYPE","1:M","Sales Stage Phase Cd","OPPORTUNITY ASSET -> OPPORTUNITY ASSET ROLE TYPE"
"OPPORTUNITY COMPETITOR","OPPORTUNITY PARTY","1:M","Opportunity Party Role Start Dttm","OPPORTUNITY COMPETITOR -> OPPORTUNITY PARTY"
"OPPORTUNITY STATUS TYPE","COMPETE LEVEL TYPE","1:M","Opportunity Status Cd","OPPORTUNITY STATUS TYPE -> COMPETE LEVEL TYPE"
"OPPORTUNITY STATUS TYPE","DEAL COMPLETE DAY TYPE","1:M","Opportunity Status Cd","OPPORTUNITY STATUS TYPE -> DEAL COMPLETE DAY TYPE"
"OPPORTUNITY STATUS TYPE","DECISION LEVEL TYPE","1:M","Opportunity Status Cd","OPPORTUNITY STATUS TYPE -> DECISION LEVEL TYPE"
"OPPORTUNITY STATUS TYPE","OPPORTUNITY","1:M","Opportunity Status Cd","OPPORTUNITY STATUS TYPE -> OPPORTUNITY"
"OPPORTUNITY STATUS TYPE","OPPORTUNITY COMPETITOR","1:M","Opportunity Status Cd","OPPORTUNITY STATUS TYPE -> OPPORTUNITY COMPETITOR"
"OPPORTUNITY STATUS TYPE","OPPORTUNITY DOCUMENT ROLE TYPE","1:M","Opportunity Status Cd","OPPORTUNITY STATUS TYPE -> OPPORTUNITY DOCUMENT ROLE TYPE"
"OPPORTUNITY STATUS TYPE","OPPORTUNITY ISSUE","1:M","Opportunity Status Cd","OPPORTUNITY STATUS TYPE -> OPPORTUNITY ISSUE"
"OPPORTUNITY STATUS TYPE","OPPORTUNITY ISSUE RESOLVE TYPE","1:M","Opportunity Status Cd","OPPORTUNITY STATUS TYPE -> OPPORTUNITY ISSUE RESOLVE TYPE"
"OPPORTUNITY STATUS TYPE","OPPORTUNITY ISSUE TYPE","1:M","Opportunity Status Cd","OPPORTUNITY STATUS TYPE -> OPPORTUNITY ISSUE TYPE"
"OPPORTUNITY STATUS TYPE","OPPORTUNITY LEAD TYPE","1:M","Opportunity Status Cd","OPPORTUNITY STATUS TYPE -> OPPORTUNITY LEAD TYPE"
"OPPORTUNITY STATUS TYPE","OPPORTUNITY STRATEGIC VALUE TYPE","1:M","Opportunity Status Cd","OPPORTUNITY STATUS TYPE -> OPPORTUNITY STRATEGIC VALUE TYPE"
"OPPORTUNITY STATUS TYPE","OPPORTUNITY TYPE","1:M","Opportunity Status Cd","OPPORTUNITY STATUS TYPE -> OPPORTUNITY TYPE"
"OPPORTUNITY STATUS TYPE","OPPORTUNITY VISIBLE TYPE","1:M","Opportunity Status Cd","OPPORTUNITY STATUS TYPE -> OPPORTUNITY VISIBLE TYPE"
"OPPORTUNITY STATUS TYPE","PARTY OPPORTUNITY ROLE TYPE","1:M","Opportunity Status Cd","OPPORTUNITY STATUS TYPE -> PARTY OPPORTUNITY ROLE TYPE"
"OPPORTUNITY STATUS TYPE","SALES METHOD TYPE","1:M","Opportunity Status Cd","OPPORTUNITY STATUS TYPE -> SALES METHOD TYPE"
"OPTION AGREEMENT","OPTION PRODUCT","1:M","Option Type Cd","OPTION AGREEMENT -> OPTION PRODUCT"
"OPTION AGREEMENT","OPTION PUT CALL TYPE","1:M","Option Type Cd","OPTION AGREEMENT -> OPTION PUT CALL TYPE"
"PARTY ASSET PRICE SENSITIVITY","PARTY ASSET SENSITIVITY TYPE","1:M","Sensitivity Cd","PARTY ASSET PRICE SENSITIVITY -> PARTY ASSET SENSITIVITY TYPE"
"PARTY CLASS VALUE","CHANNEL CHANNEL CLASS XREF","1:M","Party Class Value Cd","PARTY CLASS VALUE -> CHANNEL CHANNEL CLASS XREF"
"PARTY CLASS VALUE","CHANNEL CLASS VALUE","1:M","Party Class Value Cd","PARTY CLASS VALUE -> CHANNEL CLASS VALUE"
"PARTY CLASS VALUE","PARTY PARTY CLASS XREF","1:M","Party Class Value Cd","PARTY CLASS VALUE -> PARTY PARTY CLASS XREF"
"PARTY DOCUMENT LOCATOR","PARTY DOCUMENT ROLE TYPE","1:M","Party Portfolio Role Cd","PARTY DOCUMENT LOCATOR -> PARTY DOCUMENT ROLE TYPE"
"PARTY FINANCIAL DOCUMENT","FINANCIAL DOCUMENT TYPE","1:M","Financial Document Type Cd","PARTY FINANCIAL DOCUMENT -> FINANCIAL DOCUMENT TYPE"
"PARTY GROUP REASON TYPE","PRODUCT GROUP","1:M","Party Group Reason Type Cd","PARTY GROUP REASON TYPE -> PRODUCT GROUP"
"PARTY GROUP REASON TYPE","PRODUCT GROUP REASON TYPE","1:M","Party Group Reason Type Cd","PARTY GROUP REASON TYPE -> PRODUCT GROUP REASON TYPE"
"PARTY IDENTIFICATION TYPE","PRODUCT IDENTIFICATION","1:M","Party Identification Type Cd","PARTY IDENTIFICATION TYPE -> PRODUCT IDENTIFICATION"
"PARTY IDENTIFICATION TYPE","PRODUCT IDENTIFICATION TYPE","1:M","Party Identification Type Cd","PARTY IDENTIFICATION TYPE -> PRODUCT IDENTIFICATION TYPE"
"PARTY PARTY CLASS XREF","CHANNEL CHANNEL CLASS XREF","1:M","Party Class Start Dt","PARTY PARTY CLASS XREF -> CHANNEL CHANNEL CLASS XREF"
"PARTY STATUS","PARTY STATUS TYPE","1:M","Party Status Cd","PARTY STATUS -> PARTY STATUS TYPE"
"PAY ELEMENT TYPE","PAY ELEMENT","1:M","Pay Element Type Cd","PAY ELEMENT TYPE -> PAY ELEMENT"
"PAY ELEMENT VARIABLE TYPE","DIRECT PAY ELEMENT VARIABLE","1:M","Pay Element Variable Type Cd","PAY ELEMENT VARIABLE TYPE -> DIRECT PAY ELEMENT VARIABLE"
"PAYMENT SCHEDULE TYPE","PAYMENT SCHEDULE","1:M","Payment Schedule Type Cd","PAYMENT SCHEDULE TYPE -> PAYMENT SCHEDULE"
"POSITION ASSIGNMENT STATUS","ORGANIZATION POSITION STATUS","1:M","Position Assignment Status Cd","POSITION ASSIGNMENT STATUS -> ORGANIZATION POSITION STATUS"
"POSITION TYPE","HR POSITION","1:M","Position Type Cd","POSITION TYPE -> HR POSITION"
"PRODUCT GROUP METRIC","FOREIGN EXCHANGE METRIC","1:M","Investment Product Metric Type Cd","PRODUCT GROUP METRIC -> FOREIGN EXCHANGE METRIC"
"PRODUCT GROUP METRIC","MARKET QUOTATION METRIC","1:M","Investment Product Metric Type Cd","PRODUCT GROUP METRIC -> MARKET QUOTATION METRIC"
"PRODUCT GROUP METRIC","MARKET QUOTATION METRIC TYPE","1:M","Investment Product Metric Type Cd","PRODUCT GROUP METRIC -> MARKET QUOTATION METRIC TYPE"
"PRODUCT GROUP METRIC","PRODUCT GROUP METRIC TYPE","1:M","Investment Product Metric Type Cd","PRODUCT GROUP METRIC -> PRODUCT GROUP METRIC TYPE"
"PRODUCT PARTY","PARTY AGREEMENT GROUP","1:M","Product Party Start Dt","PRODUCT PARTY -> PARTY AGREEMENT GROUP"
"PROJECT TASK RESOURCE TYPE","PROJECT TASK RESOURCE ASSIGNMENT","1:M","Project Task Resource Type Cd","PROJECT TASK RESOURCE TYPE -> PROJECT TASK RESOURCE ASSIGNMENT"
"PROMOTION OFFER TYPE","PROMOTION OFFER","1:M","Promotion Offer Type Cd","PROMOTION OFFER TYPE -> PROMOTION OFFER"
"PROMOTION PROSPECT","PROMOTION PARTY","1:M","Campaign Party Start Dt","PROMOTION PROSPECT -> PROMOTION PARTY"
"PROMOTION SCRIPTED MESSAGE XREF","IMPRESSION ACTIVITY TYPE","1:M","Alerting","PROMOTION SCRIPTED MESSAGE XREF -> IMPRESSION ACTIVITY TYPE"
"PURCHASE REQUISITION LINE","PURCHASE REQUISITION LINE ASSIGNMENT","1:M","Purchase Requisition Line Num","PURCHASE REQUISITION LINE -> PURCHASE REQUISITION LINE ASSIGNMENT"
"RECEIPT LINE DOCUMENT","RECEIPT LINE DOCUMENT TYPE","1:M","Document Type Cd","RECEIPT LINE DOCUMENT -> RECEIPT LINE DOCUMENT TYPE"
"REGULATED BENEFIT TYPE","REGULATED BENEFIT","1:M","Regulated Benefit Type Cd","REGULATED BENEFIT TYPE -> REGULATED BENEFIT"
"REPURCHASE TRADING BASIS TYPE","REPURCHASE AGREEMENT","1:M","Repurchase Trading Basis Cd","REPURCHASE TRADING BASIS TYPE -> REPURCHASE AGREEMENT"
"SECURITIZATION CLEAN UP CALL TYPE","SECURITIZATION SELL AGREEMENT","1:M","Securitization Clean Up Call Cd","SECURITIZATION CLEAN UP CALL TYPE -> SECURITIZATION SELL AGREEMENT"
"SECURITIZATION EXPOSURE","SECURITIZATION ROLE","1:M","Securitization Role Cd","SECURITIZATION EXPOSURE -> SECURITIZATION ROLE"
"SECURITIZATION POOL STRUCTURE TYPE","SECURITIZATION POOL","1:M","Securitization Pool Structure Cd","SECURITIZATION POOL STRUCTURE TYPE -> SECURITIZATION POOL"
"STRESS TEST CALCULATION SCENARIO","STRESS TEST TYPE","1:M","Stress Test Type","STRESS TEST CALCULATION SCENARIO -> STRESS TEST TYPE"
"SWAP AGREEMENT","SWAP OBLIGATION SUBTYPE","1:M","Swap Obligation Type Cd","SWAP AGREEMENT -> SWAP OBLIGATION SUBTYPE"
"SWAP LEG PROJECTED CASH FLOW","SWAP AGREEMENT LEG","1:M","Swap Leg Num","SWAP LEG PROJECTED CASH FLOW -> SWAP AGREEMENT LEG"
"TASK ADJUSTMENT REASON TYPE","TASK ADJUSTMENT","1:M","Task Adjustment Reason Cd","TASK ADJUSTMENT REASON TYPE -> TASK ADJUSTMENT"
"TASK ADJUSTMENT TYPE","TASK ADJUSTMENT","1:M","Task Adjustment Type Cd","TASK ADJUSTMENT TYPE -> TASK ADJUSTMENT"
"TERM FEATURE","TIME BAND","1:M","To Time Period Cd","TERM FEATURE -> TIME BAND"
"TIME ZONE","WEB VISIT","1:M","Time Zone Cd","TIME ZONE -> WEB VISIT"
"TRANCHE TO AGREEMENT ROLE TYPE","TRANCHE TO AGREEMENT","1:M","Tranche To Agreement Role Cd","TRANCHE TO AGREEMENT ROLE TYPE -> TRANCHE TO AGREEMENT"
"TRANSACTION ACCOUNT","BANK DRAFT","1:M","Transaction Account Id","TRANSACTION ACCOUNT -> BANK DRAFT"
"UNITED STATES BANK ACCOUNT IDENTIFIER","AGREEMENT IDENTIFICATION","1:M","Agreement Identifier Start Dttm","UNITED STATES BANK ACCOUNT IDENTIFIER -> AGREEMENT IDENTIFICATION"
"VENDOR","VENDOR TYPE","1:M","Vendor Type Cd","VENDOR -> VENDOR TYPE"
"VISITOR","GAME PLAY EVENT","1:M","Visitor Id","VISITOR -> GAME PLAY EVENT"
"VISITOR","ONLINE PROMOTION SUMMARY","1:M","Visitor Id","VISITOR -> ONLINE PROMOTION SUMMARY"
"WEB SHOPPING EXPERIENCE EVENT PRODUCT XREF","WEB SHOPPING EXPERIENCE EVENT","1:M","Shopping Experience Product Id","WEB SHOPPING EXPERIENCE EVENT PRODUCT XREF -> WEB SHOPPING EXPERIENCE EVENT"
